period,Contributory_pensioners_share,Moratorium_pensioners_share,Retirement_coverage_for_legal_age,Retirement_coverage_65+,All_coverage_legal_age,All_coverage_65+,Contributory_retirement_coverage_legal_age,Contributory_retirement_coverage_65+,Survivors_benefit_coverage_legal_age,Survivors_benefit_coverage_65+,Moratorium_benefit_coverage_legal_age,Moratorium_benefit_coverage_65+,Mean_contributory_retirement_pension,Mean_survivors_benefit,Mean_moratorium_pension,Mean_retirement_pension,Mean_pension_benefit,Median_pension_benefit,Median_pension_to_labour_income_ratio,Mean_pension_to_labour_income_ratio,Mean_family_benefit,Mean_child_benefits,Mean_contributory_child_benefits,Mean_AUH_benefits,Child_benefit_coverage,Contributory_child_benefit_coverage,AUH_coverage,Gini_retirement_age,Gini_retirement_age_non_labour_income,Gini_65+,Gini_65+_non_labour_income,Gini_retirement_age_has_income,Gini_retirement_age_(has)_non_labour_income,Gini_65+_has_income,Gini_65+_(has)_non_labour_income,Total_SIPA_benefits,Total_not_for_26417
49,0.821532193362495,0.178467806637505,0.992068415103629,0.992687771864309,0.995154047808336,0.996508119741377,0.803969821918022,0.891436353936604,0.03242870264895,0.031495019272892,0.188098593185608,0.101251417927704,4471.60887406741,3362.50559408279,2432.55370456062,4107.70317035267,4083.37107244474,3103.99363821106,0.555176710277529,0.638748292280603,472.236221506638,493.437612698703,381.863681058139,665.749756090649,0.65342955839416,0.369211512802754,0.284218045591406,0.296405253729553,0.258580513960224,0.276844121987835,0.251726509890724,0.295545599779685,0.257361695884031,0.274881133349577,0.249695340119382,4171375,2083260
50,0.813013140678556,0.186986859321444,0.992169348191792,0.992822081305439,0.995226939680548,0.996590838876364,0.795952472828209,0.884389921815614,0.036796019506099,0.036112679780262,0.196216875363583,0.108432159489826,5147.57924096391,3847.5806034791,2778.54506764145,4704.60098126917,4690.48458847006,3560.61241992607,0.602810434995842,0.693938419879357,424.902111454208,455.781724881578,246.055469367053,775.093904131212,0.646397968308218,0.371029350737541,0.275368617570677,0.294619016848855,0.261003008073906,0.279330968625587,0.254412452871175,0.293926346348799,0.259799230342626,0.27742698516494,0.252442635525903,4190811,2111020
51,0.806796018972708,0.193203981027292,0.992144583799431,0.992863281169078,0.995191207509603,0.996610406801188,0.789963014203057,0.878935089111655,0.041220752005817,0.040726908798155,0.202181569596374,0.113928192057422,4982.12301244691,3710.55874321478,2684.23179879706,4538.16128200212,4535.15247111882,3435.634719424,0.567807515092473,0.640949099095836,550.004550911177,568.738187116643,390.406240232475,822.476906677221,0.575421417646121,0.311491687060148,0.263929730585973,0.305014438849994,0.262902645649151,0.290900360881899,0.256698250813428,0.304297620638565,0.261667189450023,0.289086096358786,0.254796478595366,4209736,2117893
52,0.796120369402219,0.203879630597781,0.992195206962625,0.992907949939305,0.99522219711993,0.996631622287373,0.779531764353534,0.871596660727342,0.044167626757197,0.04357168717035,0.212663442609092,0.121311289211963,5373.36929787892,3999.55028940566,2882.13744154239,4865.4578672756,4877.27237178235,3699.36842517124,0.609922491183203,0.688906928260242,521.363955569671,539.275313196158,372.014414847823,809.346400222349,0.579915938548551,0.32443448422372,0.255481454324831,0.305682786024407,0.265238382949404,0.289147934695379,0.258510121847517,0.305282089651398,0.264014791419712,0.287340599007578,0.256624889765719,4231993,2136137
53,0.787857371955911,0.212142628044088,0.992330489252836,0.993054839264225,0.995325495292236,0.996735465718004,0.77235013621839,0.861072928397764,0.048288370178293,0.049114313079538,0.219980353034446,0.131981910866461,4704.45418435513,3467.20466434505,2544.44142362783,4246.22340068567,4265.24314394384,3211.40356484655,0.561798839435047,0.639052600589871,587.501555588143,601.318687391332,435.431923143839,827.786953999574,0.534107287285461,0.283321040756683,0.250786246528778,0.308728933107898,0.26604661518609,0.291508580374618,0.259383776515851,0.308175525827723,0.26463753983171,0.289799312776009,0.257597006374751,4252979,2156551
54,0.780397169859248,0.219602830140752,0.992420956848525,0.993055828837673,0.995396695684682,0.996709354397551,0.765592278679601,0.855496464706441,0.051286749637145,0.052591126575106,0.226828678168924,0.137559364131232,4839.8480950752,3547.16077296043,2602.29687127864,4348.47551374457,4375.23041796045,3293.16184723344,0.58894757657461,0.669770894715186,497.156707949826,513.649786823958,357.516567066519,703.810342287716,0.512612316397882,0.256519806403737,0.256092509994145,0.303257753782105,0.267672448499606,0.287512271395603,0.260528153402821,0.302367684184672,0.266335812455469,0.285733989758545,0.258682522729987,4270815,2169425
55,0.774044710039111,0.225955289960889,0.993024865420568,0.993942425482601,0.995317407936171,0.996744880481409,0.760646161632843,0.849995797178736,0.053602659405681,0.054026233872535,0.232378703787725,0.143946628303865,4592.28001281254,3370.61734754958,2469.01803019745,4112.51773586781,4148.97083027447,3115.63512848048,0.555081903492519,0.629532677325926,495.978984786757,506.819443014233,341.380365477986,688.765872596537,0.45244457691664,0.204049180819036,0.248395396097603,0.314492116334678,0.270395054976939,0.295549761420052,0.262373206731038,0.313921941370174,0.269072016873211,0.293810569132958,0.260552106021087,4285811,2182740
56,0.76574140874252,0.23425859125748,0.99306289333207,0.993993649336241,0.995342937077519,0.996772406311314,0.752983676176051,0.841116927087603,0.057685246897767,0.05938615260175,0.240079217156019,0.152876722248638,5009.4463266029,3681.47422902229,2679.02087266874,4463.52414273371,4518.73570230471,3393.92606289677,0.592600571054051,0.67680724655251,554.500158558699,561.87288212318,495.978081500331,725.500879656124,0.703233988339619,0.464619432155254,0.238614556184365,0.311165050128248,0.271901386111957,0.293052614147324,0.26419823387682,0.310778899290444,0.270782803737167,0.29132205190216,0.262397037943632,4298776,2209654
57,0.755865593041824,0.244134406958176,0.993200228706693,0.993623836464347,0.995381392314532,0.996278851336423,0.743534963799689,0.832529024316715,0.061928980290031,0.064181524926587,0.249665264907004,0.161094812147632,4778.05900012692,3496.0576908069,2553.20862302547,4234.89647274258,4300.56855996071,3196.62912667362,0.551589770456803,0.633862284149908,653.483926241436,660.0906884396,575.751333447143,850.530907836288,0.665761220436386,0.413804082237086,0.2519571381993,0.310445416369151,0.273536409211684,0.293676487786312,0.267175643492102,0.310000839785519,0.272743175076961,0.291591678355046,0.265012613232613,4327054,2241053
58,0.747911894062906,0.252088105937094,0.992380585245608,0.993059676505564,0.994550568462597,0.995694957569187,0.735273662067217,0.823972829771993,0.063968738082998,0.066156402100837,0.257106923178391,0.169086846733571,5099.12075637012,3723.06338321695,2705.51766466417,4495.72188661679,4572.50742103793,3399.30694651955,0.597159922713376,0.67855651046807,539.508029826772,547.565112760712,474.505364526459,736.274998272536,0.713621187509516,0.48056308954469,0.233058097964826,0.307084941620249,0.275855632584089,0.292308335342413,0.269399731698077,0.306720679031581,0.27482707881478,0.290062414939769,0.267081108870221,4348531,2259296
59,0.737180158010061,0.262819841989938,0.992495830255044,0.992892116210102,0.994594551606387,0.99543081199785,0.725271808136337,0.81461052100818,0.066744439745883,0.069408931379249,0.267224022118708,0.178281595201921,4899.0505885438,3556.91995709974,2591.75085543831,4292.64643726558,4374.59521825767,3250.28493125285,0.562524993194375,0.637413785311714,509.240579166989,516.564653886898,431.753931505057,737.378586008867,0.698207314308248,0.459230672072121,0.238976642236128,0.31269303271312,0.277185330368488,0.299273872416377,0.271219801530643,0.312362461858617,0.276167221987909,0.297143063223197,0.269003683869873,4375658,2294992
60,0.729000643096491,0.270999356903509,0.993680688354758,0.994257187428,0.9948759833727,0.995704938660371,0.71875029807431,0.810568385945524,0.069269608247917,0.071846222808453,0.274930390280447,0.183688801482476,5308.09102256446,3856.63397652034,2800.65905588891,4628.57857211608,4730.84012494563,3524.73481683846,0.612291221666753,0.687121029358373,579.499853156244,589.286677146793,528.989919517672,750.967641470657,0.690203487098899,0.4711133240265,0.219090163072398,0.309206927352534,0.278103066039451,0.295899149581097,0.272552460097676,0.308876752570545,0.277121599600836,0.293946828519156,0.270535403659293,4400344,2314995
61,0.721143607904637,0.278856392095363,0.993760149444258,0.994318518176915,0.994948614987835,0.995753034282842,0.71160634422742,0.799728011036551,0.072058784876627,0.075647339293149,0.282153805216838,0.194590507140364,4920.13455073873,3565.98538478341,2605.42348573068,4274.66257440737,4378.73693501244,3261.1768874611,0.564256135443301,0.641876880227657,666.631639963905,667.793951581714,597.565564760303,861.997670452874,0.670865096164015,0.456887303836986,0.21397779232703,0.310410087555789,0.278143513886788,0.296205725653867,0.27341742034081,0.310139225728065,0.277227335791688,0.29429389978303,0.271408566050753,4414646,2333284
62,0.713170032402535,0.286829967597465,0.993446741155871,0.994353738555765,0.994632247169084,0.99577936187592,0.70357619538523,0.791014217553499,0.076033749891207,0.080062108550847,0.289870545770641,0.203339521002266,5236.71238410315,3772.12025754755,2772.81974415784,4529.994138024,4649.90339640089,3466.87488775908,0.616419818217239,0.690392903471663,576.977339816477,584.69295474448,519.026232769295,782.534190876181,0.691801413282875,0.470292249422477,0.221509163860398,0.308277123489468,0.278554934231032,0.293801477732376,0.273989099088691,0.30777830736492,0.27740356463196,0.291861118332131,0.271994302962895,4429902,2350819
63,0.70389930668652,0.29610069331348,0.993477152546386,0.994334228082293,0.994657157039335,0.99575455705069,0.695584130473091,0.782869070992809,0.080534903085472,0.084315274171094,0.297893022073294,0.211465157089485,4728.69699761714,3418.75817597674,2495.48980072356,4067.4427983043,4192.96809569015,3120.1033553737,0.587393235873201,0.660214835843094,510.598675036881,519.455852000758,455.81779991413,695.047348375011,0.686120327839823,0.459643301018646,0.226477026821177,0.309279130601392,0.28132234158,0.295746247157338,0.277495570932864,0.308806611603909,0.280204964667605,0.293818436987836,0.275517801726462,4437023,2364181
64,0.696247945639695,0.303752054360305,0.994119917105995,0.995114881882918,0.995292884931214,0.996532422608126,0.689151224328626,0.779411142076946,0.082606245719376,0.086798028887968,0.304968692777369,0.215703739805972,4669.24755677824,3353.49549749511,2495.31874176302,4008.9122131843,4134.20768683429,3119.86796593712,0.621062637921273,0.683559362961435,511.319540466239,518.994290543996,460.336694344379,697.650791506445,0.705482214973337,0.477056967170955,0.228425247802382,0.305707019071294,0.277511736540047,0.291940151019537,0.273344471371927,0.305234890658107,0.27637130375424,0.29062300461418,0.271921064794981,4461034,2384700
65,0.687603296629675,0.312396703370325,0.993799942596462,0.994290544988217,0.994984451668148,0.995720538577791,0.681069744242681,0.770853249697091,0.083926137964414,0.088376536501973,0.312730198353781,0.223437295291126,4283.09087654319,3067.41584800105,2278.32112184575,3656.80741415917,3778.85296102798,2848.53394005586,0.570895053144355,0.627548194224519,579.016264861956,572.888542108798,511.323716206575,736.611750201626,0.666394505432491,0.445291409260962,0.221103096171529,0.310791833244876,0.279271924469665,0.298893923430907,0.275545124871092,0.310329105345487,0.278397173081013,0.297704729644427,0.273943998913547,4493348,2408387
66,0.679988452622584,0.320011547377416,0.993700646402376,0.994140870714152,0.99487506666,0.995558871036569,0.674183724252616,0.763522684528118,0.085648903843883,0.090968545427534,0.31951692214976,0.230618186186034,4628.15009646644,3191.74919907582,2607.47671785894,3981.51128183391,4087.3696797588,3260.04840358159,0.653529610013689,0.684762714990639,481.262795986116,486.292709269862,429.017998430418,655.719690944059,0.699201093282907,0.472674732323418,0.226526360959489,0.296308269821267,0.258807900513999,0.283400477583946,0.255663061655191,0.295828222711447,0.257879219099785,0.281899180388363,0.254031821439338,4514203,2431056
67,0.672464710751518,0.327535289248482,0.993548187767728,0.993913360530422,0.994712889163058,0.995317343698898,0.667473597548675,0.755413049907752,0.08742556075595,0.094207708762689,0.326074590219053,0.238500310622669,4262.18665323587,2923.28683316678,2389.42570929809,3648.79135576995,3749.83985083443,2987.40772492222,0.624372548054728,0.642273254372408,434.365783682524,439.880740901128,375.529173072954,589.816221855574,0.666820363465044,0.422900064512502,0.243920298952542,0.302285839931948,0.26127836042069,0.287076981133718,0.257864159225258,0.301813812151209,0.260360443548634,0.285598181364543,0.25609496066495,4541499,2453539
68,0.665574910232543,0.334425089767457,0.993367572592947,0.993692154407466,0.994524469293625,0.995084997256851,0.661160532956469,0.747632772604899,0.088674352662655,0.095623039471229,0.332207039636478,0.246059381802567,4367.24764024341,2936.30380785017,2562.66761100697,3763.75080197346,3853.36266249267,3158.32395173938,0.684259689452252,0.68427286848999,430.735581248586,435.11965018328,372.919900818633,576.053405056854,0.675985056077326,0.43185069619232,0.244134359885007,0.283501619722302,0.247073817071122,0.270093691683858,0.242636227012524,0.283020134177553,0.246144526989204,0.268558476854628,0.240663827899463,4562811,2466034
69,0.658179097746383,0.341820902253617,0.993058910026227,0.993215491228178,0.994359096438496,0.994599606301642,0.653610617410069,0.738850252695106,0.092111389227225,0.098243784440893,0.339448292616158,0.254365238533072,4049.49126818122,2723.63646042619,2593.19531890465,3551.69887285121,3633.24417290495,2918.50941648223,0.593609728676977,0.610895147647737,507.952829333178,499.0350736952,426.655996838063,646.233492491263,0.624153167333637,0.374516843587762,0.249636323745874,0.284000377705554,0.237803326504179,0.261772546373325,0.228281391866107,0.283694103473384,0.237050772552701,0.259612647321915,0.225836168654729,4579884,2481634
70,0.649577942233339,0.350422057766661,0.992736870018793,0.993056549178018,0.994052278272263,0.994433940191877,0.644859973205973,0.729992366932545,0.098148276480199,0.102677038959348,0.34787689681282,0.263064182245473,4536.53904239457,3070.12558862361,2905.6069971097,3965.02447900826,4080.61964093425,3263.19346286281,0.595992242880653,0.651771814641833,435.945809595751,442.254733919658,380.560783162179,606.477556836793,0.629401261519863,0.421141504241168,0.208259757278695,0.274686059663506,0.239228212110546,0.256651318090853,0.229186909055981,0.274335713519125,0.238350008376148,0.254377281000223,0.226756457432227,4589247,2501821
71,0.643483276374718,0.356516723625282,0.992565220785542,0.992852160930417,0.993827566799994,0.994166811717492,0.638699120286676,0.723700242459604,0.101873466395012,0.106396925249385,0.353866100498866,0.269151918470813,4253.26330283549,2875.92822187813,2716.74497251246,3705.46882191853,3822.91716718751,3048.71018621619,0.555314774073033,0.605739483570924,411.038312268715,418.789288618862,354.242347732163,585.234259665951,0.613307836944566,0.395445726817026,0.217862110127541,0.281797167852604,0.240997323654703,0.259049454677687,0.230997624869064,0.281486825951833,0.2401177670548,0.257018291686767,0.228633334403779,4606356,2513252
72,0.636254077694143,0.363745922305857,0.992512243678722,0.992950585661669,0.993888126202374,0.994255469485946,0.63148996220195,0.713938744677428,0.107989132076851,0.112822567129277,0.361022281476772,0.279011840984241,4560.63815507741,3072.38971704404,2915.13170422039,3962.09189345018,4102.03970704181,3259.86141430779,0.597425828911356,0.653864347391363,440.947440451917,447.656744590621,390.267788798334,595.10947014562,0.633530228847589,0.422861615079333,0.210668613768256,0.280616241918921,0.242292126193649,0.25896621594954,0.232062439600244,0.280290244288774,0.241400735756345,0.257105165131778,0.229828046545499,4631381,2533302
73,0.627197383240703,0.372802616759297,0.992421676289215,0.992857687969828,0.993835822896725,0.994186728716722,0.622444278439948,0.706288329447664,0.11257801623282,0.116330882279748,0.369977397849267,0.286569358522165,4320.67338147223,2903.07243741814,2745.1474050062,3733.31317467345,3881.04457519544,3066.55724229156,0.557676923836853,0.610817262202471,528.022256966244,522.026584794817,453.843964381011,678.284593771367,0.618360885233979,0.392486364579927,0.225874520654052,0.287566759431541,0.24609570562906,0.264791755075382,0.236484330165927,0.287246288601836,0.245215324770481,0.263028450919822,0.234281300352025,4652836,2550064
74,0.619382754205484,0.380617245794516,0.992691514332456,0.993163485392537,0.994022925518113,0.994396697834454,0.614856004223649,0.699943903982817,0.116785999444995,0.120174167634098,0.377835510108807,0.29321958140972,4804.39501291695,3238.63318800842,3049.05513985384,4136.28238499837,4319.81072444371,3402.58191316272,0.617980840526705,0.671414649918927,464.286234736629,466.492219459655,402.841356703341,636.97595289492,0.647616010624376,0.43057193811454,0.217044072509837,0.284087568105059,0.246840060421722,0.262479250911919,0.236768873141352,0.28376754887704,0.245966060339386,0.260615468775686,0.234770158180298,4672283,2576728
75,0.612261649118888,0.387738350881112,0.992237707565857,0.993018646727262,0.993571190004809,0.994254434718583,0.607509095152216,0.69213003503931,0.121040803715818,0.123617222041525,0.384728612413641,0.300888611687951,4545.00972250683,3072.55732510113,2882.16181972565,3900.25981891634,4087.95098980596,3214.08660831422,0.58773706201849,0.631466417179127,435.916142658209,441.212738386426,371.843557231059,622.917489789891,0.626117641144112,0.403562907617673,0.222554733526439,0.288141325619717,0.248024040798535,0.265985811429323,0.238451154696867,0.287824886201385,0.246832682174324,0.264144074098651,0.236471020584898,4702525,2600195
76,0.605012903879389,0.394987096120611,0.991702958710252,0.992950087735072,0.993034364646572,0.99417923787951,0.599993086835071,0.683146778420875,0.126441537875813,0.129832205748299,0.391709871875181,0.309803309314197,4835.6854148502,3259.07628922947,3067.79949174905,4137.39328781197,4349.92542641569,3414.4281498921,0.612830371090002,0.656502672107475,462.002942361152,472.63484795063,407.670045464492,633.830831407758,0.644845111975879,0.418851196737174,0.225993915238705,0.28576388180821,0.249486458659973,0.265070536323904,0.239775843713192,0.285393189497834,0.24795443235659,0.263404223080352,0.237809798924975,4715126,2614031
77,0.59935767583624,0.40064232416376,0.991499229692033,0.992750911664858,0.993169200864648,0.994364441251983,0.594262673901639,0.675189299279367,0.129154514832362,0.131487033231574,0.397236555790394,0.317561612385491,4620.14549080924,3108.02807455086,2918.36772276538,3938.34129060993,4150.38718424092,3242.23617228974,0.561262271636226,0.610639518140443,556.479434451983,546.196237600209,474.582771425385,713.675800696428,0.620105638448023,0.399980735803971,0.220124902644052,0.29294841254003,0.251476277381017,0.272889737598171,0.241522757880494,0.292635695527614,0.249953657278378,0.271183381716072,0.239570404628713,4725476,2626916
78,0.591959189724893,0.408040810275107,0.991803982445423,0.992531963179967,0.993188818283287,0.993808405073225,0.587107481814315,0.66719993702965,0.133037500357743,0.134893122222101,0.404696500631108,0.325332026150318,5139.7356224063,3436.71252155828,3239.73352496002,4364.45722703992,4610.10600740546,3595.1321943706,0.624912088202983,0.670320409160755,484.276827871967,484.99668392774,414.770684456385,674.286665151557,0.664140152407453,0.444096737127455,0.220043415279997,0.289765116859603,0.253106032239975,0.267964977734737,0.243197102955938,0.289452371196245,0.251949773346978,0.266403100429709,0.240980531775936,4745575,2650140
79,0.582900536715752,0.417099463284248,0.991660543031204,0.99240746478733,0.993087669801771,0.993735902192332,0.578039462772723,0.657139853180723,0.136036192898944,0.136621704019695,0.413621080258481,0.335267611606607,4920.70331001545,3293.36353452085,3097.92680994458,4160.42421014875,4409.37301938533,3429.56689594564,0.585766991152387,0.632626980016662,450.359227252834,459.137658971293,389.952285960514,634.829424096301,0.633220926558282,0.419632259206651,0.213588667351631,0.29258016644765,0.253488649249552,0.27060189833802,0.243047726625695,0.292269658552551,0.252336689972135,0.269041095273489,0.2408277087703,4752366,2674315
80,0.575524270384732,0.424475729615268,0.991669816113073,0.992460973725221,0.993088411520276,0.993780048872083,0.570730047381038,0.649458396934023,0.138360843931037,0.137963163023555,0.420939768732035,0.343002576791198,5371.49356869805,3581.91999562657,3373.30490404617,4523.31097736099,4803.12722353585,3730.60423746158,0.629201447696363,0.681327495496388,497.679821137798,502.061017025814,435.104898458099,687.774871166833,0.660238864781919,0.450991172910149,0.20924769187177,0.287969173793703,0.253611675258206,0.265891385400765,0.242917054753891,0.28782589167506,0.252642643952185,0.264398908632312,0.240781875000276,4774467,2700930
81,0.568740324781128,0.431259675218872,0.99111602223896,0.992093667786481,0.99252501737267,0.993401014058007,0.563687648383965,0.641705844783181,0.141008047030281,0.140057539376025,0.427428373854994,0.3503878230033,5177.00093015489,3430.67175547032,3237.27365186453,4340.4747741062,4615.38000306817,3575.34769935005,0.600793173006914,0.652213034085569,603.856572924506,591.896960403119,524.002445831643,773.023494162311,0.643547988496351,0.441488103900522,0.202059884595829,0.288075452256535,0.254702523096302,0.267330671866814,0.244285474348441,0.287860697162831,0.253527862105999,0.265589697993562,0.241880423490295,4803912,2724829
82,0.56215879152191,0.43784120847809,0.990967731637197,0.991732547047889,0.992536394749743,0.993038161593402,0.557081222454375,0.63457299553915,0.144156899203358,0.143857077806683,0.433886509182822,0.357159551508739,5623.44878952403,3723.14837354808,3504.43530585848,4695.65736505454,5006.48720002883,3865.68086929299,0.643456408409405,0.703914096619239,510.393769266403,508.742003283811,444.748618059225,717.534584108829,0.689872989936693,0.495087192511253,0.19478579742544,0.286341928509834,0.256333322750607,0.268765505136497,0.245733323843787,0.286163759966413,0.25516582956699,0.267271671762126,0.243585498960562,4819779,2743628
83,0.553498352207808,0.446501647792192,0.990744283580789,0.991523159810823,0.992346021620576,0.992819157218828,0.548375328421272,0.62541132060593,0.146854543608136,0.146593992526301,0.442368955159517,0.366111839204893,5422.04294056046,3603.27183590609,3374.14948914853,4507.65514000219,4824.61386565747,3718.1137103604,0.616139345386291,0.67226659927218,489.481515561821,493.154466106986,426.007805595136,683.434060884362,0.674983840201283,0.466621925151374,0.20836191504991,0.288585683620155,0.256685938342252,0.269522119949362,0.246322349496738,0.288376074519124,0.255490383195891,0.26788888791206,0.244201150281765,4833785,2770793
84,0.545346600942994,0.454653399057006,0.990477064360852,0.991417494239366,0.992123675260444,0.992707557735745,0.540153300361186,0.617205795274659,0.153168833558376,0.151620286760411,0.450323763999667,0.374211698964707,5801.39021887896,3865.15499177147,3592.47022748312,4797.09723654587,5166.15702118791,3953.51368621116,0.654091892819716,0.718730714591135,533.756653886468,536.994361243385,468.996443084382,735.620239374307,0.686443622409047,0.472572073378638,0.213871549030409,0.286940217076328,0.258016268942401,0.268409040762555,0.247722319066193,0.28674644033677,0.25674398129756,0.26679315664839,0.245627475130082,4844894,2794330
85,0.538481023691762,0.461518976308238,0.990436540756491,0.991371937898528,0.992238051220706,0.992846358940271,0.533331282368283,0.608545594004869,0.155914601631042,0.153854154125468,0.457105258388209,0.382826343893659,5649.02023438478,3759.35989868642,3485.60473955887,4650.56292988334,5021.85356629247,3829.06226102934,0.631808538420933,0.696674860976232,654.684766698584,638.848792047435,568.055842832258,858.438239189487,0.672776024890758,0.471940020937829,0.20083600395293,0.289028086620595,0.258749528313174,0.269925022664484,0.248665935228053,0.288835758505816,0.257484303558152,0.268266889359774,0.246529460441479,4860346,2811903
86,0.531295174820115,0.468704825179885,0.990236799252992,0.991101457675091,0.992028878235421,0.992569261371469,0.52610803337243,0.600644010477479,0.158996834325928,0.155400093970948,0.464128765880562,0.390457447197612,6030.34561255319,3996.71420212306,3706.83995428473,4941.30729919,5346.58007670637,4067.84231687126,0.658635486597315,0.733305724600347,543.076818266007,549.936488570759,481.759450199841,761.026995708831,0.68736349418248,0.480680266694685,0.206683227487795,0.292179014358565,0.26028361610351,0.272291270754339,0.249698814372434,0.291988541321327,0.25903573097834,0.270492485664873,0.247772685443792,4887261,2835948
87,0.525389225496445,0.474610774503555,0.989949541227033,0.990683184814895,0.991776468320088,0.992101772747285,0.520108822745832,0.591964678804496,0.161072341546167,0.156515584683374,0.469840718481201,0.398718506010399,5906.91787445936,3892.66804194312,3607.53719790046,4815.60703067923,5218.56499712577,3954.84669695817,0.635234424278615,0.711699002416449,529.19430237368,533.975197231581,472.964246380439,722.648437843181,0.690269114547187,0.489825547561675,0.200443566985512,0.288943525114372,0.261412151581902,0.267793516576482,0.25145879129434,0.288753197663564,0.260292566796845,0.266223641889938,0.24921697348659,4906129,2858162
88,0.517567619807901,0.482432380192099,0.989554997260023,0.990484675576391,0.991412314288832,0.991895924094733,0.512161624600884,0.584742549018086,0.165168382428007,0.15971391378494,0.477393372659139,0.405742126558306,6213.186327881,4102.92118118023,3788.80977742992,5043.58857816497,5491.77237815283,4150.04251761828,0.667915642318401,0.747367602395154,563.568573073133,567.980874690128,508.884797499587,767.500782952487,0.691575413086431,0.497843659487208,0.193731753599223,0.287141347893206,0.261941876684102,0.268619114930768,0.251776928897776,0.286951580290654,0.260680987179402,0.266830010118356,0.249498656466369,4916262,2881056
89,0.510682249327295,0.489317750672705,0.989707570617242,0.990081115503572,0.991654527897347,0.991714608956726,0.505426088339066,0.578945955200591,0.169675444769963,0.164603877145569,0.484281482278176,0.411135160302981,6110.17111952857,4032.81085142614,3707.50854007957,4934.50567052711,5395.16465035871,4058.87029595538,0.6601294222115,0.734176984720011,693.241577366483,676.351750124308,613.228596831593,875.075128688678,0.686992421782839,0.495743246443992,0.191249175338848,0.287959958352927,0.262880245012731,0.270243035641693,0.253767273661659,0.287815420982759,0.26190138977844,0.268380825892398,0.251353577428414,4929855,2903635
90,0.50382121999937,0.49617878000063,0.990538153982416,0.990635843144182,0.992475948610627,0.992362354405575,0.499054141195345,0.570972544481396,0.174310293350039,0.170604075336972,0.491484012787071,0.419663298662786,6467.13852881948,4253.81797873132,3906.38450824023,5196.54672300676,5704.41556031809,4272.42523215613,0.687844936478783,0.770177194341503,579.884340515138,576.78706341765,517.541044446284,789.997994295137,0.701956298135586,0.515867161242618,0.186089136892968,0.290147331486625,0.26324870395829,0.273159188151106,0.254429691641456,0.290003916392823,0.2624792863091,0.271439266220827,0.25246691433376,4943019,2930421
91,0.498456976019851,0.501543023980149,0.990069709493118,0.990501564179268,0.992001843265364,0.992219765475791,0.493507153442792,0.564430631901043,0.175793080933132,0.172617484580684,0.496562556050326,0.426070932278225,6368.87142742761,4180.05021604348,3835.70099526448,5098.37746862341,5606.37193446655,4191.30323407722,0.666925485770156,0.75169221186193,569.223285824069,571.349785602423,509.945060149004,789.573714713791,0.711261688678056,0.514412380454886,0.19684930822317,0.28877875709912,0.263997971003882,0.272407010082616,0.25541844346913,0.288635485354444,0.262977707150766,0.270578700813841,0.253329157422067,4947819,2944034
92,0.494597976034521,0.505402023965479,0.989540655521934,0.989856373551373,0.991495076717738,0.991648604944848,0.489424805425022,0.558197796628872,0.17785163510503,0.175971893190856,0.500115850096912,0.431658576922501,6712.69814149428,4382.06062354009,4027.04410471571,5355.36315563533,5894.73207509627,4392.33546080114,0.696281971133999,0.789016117012927,598.217363230311,589.965511431402,524.592380878375,827.417689671273,0.703777984000354,0.513907778857482,0.189870205142872,0.290400542556908,0.265330650433061,0.275207256715591,0.256787473924149,0.290273024699617,0.264303461108604,0.272998095235258,0.254305132664794,4961929,2958366
93,0.488888338111584,0.511111661888416,0.989590701934789,0.989890100524523,0.991528104485871,0.991684718934816,0.483799353679575,0.550927084659384,0.17893214552433,0.177198205273708,0.505791348255214,0.438963015865139,6667.64263861385,4347.43874105145,3988.6211083212,5298.36349203113,5843.20547503837,4343.50475516851,0.688208730127793,0.780192711842311,749.699825238552,726.059128496123,658.60593922331,990.550578913632,0.702372749805047,0.520439330314158,0.181933419490889,0.290579787488053,0.26550890625261,0.274429323928471,0.257000789537933,0.290453412154879,0.26449092090838,0.272237450147756,0.254544320634265,4993698,2985784
94,0.483489537094873,0.516510462905127,0.989168417207051,0.98955139621501,0.991163119919627,0.991410319031131,0.478252580144306,0.542664797205132,0.182101790117819,0.181598110961455,0.510915837062745,0.446886599009878,7016.26586201094,4575.16971975553,4185.53277247254,5554.1626035726,6145.6348455112,4549.81491455134,0.714425411128176,0.812352951895214,619.432172515704,609.4094532225,554.518880849718,826.245818598748,0.711232293193137,0.541200793781631,0.170031499411506,0.286974365308998,0.26651634609611,0.273491627185468,0.25812472183067,0.286656263126579,0.265449473345161,0.271373843997734,0.255641111663114,5003397,3004675
95,0.477479711067741,0.522520288932259,0.988688108755842,0.988791464950104,0.990676412450113,0.990646143482294,0.472078512504851,0.535576519523846,0.184244013296326,0.183873546103651,0.516609596250991,0.453214945426258,6972.94188870835,4575.42130736813,4161.22054992478,5503.76044237017,6110.69139644943,4516.36039312082,0.710073902361053,0.803106644504313,613.829064705318,609.944979024055,556.274138207905,858.487851941385,0.709344297920563,0.547240123515479,0.162104174405084,0.287748605907791,0.267325339861457,0.274759824898076,0.259312743411681,0.287217307463533,0.266374933910154,0.272420794708666,0.256304410548053,5018111,3025392
96,0.471701489076994,0.528298510923006,0.988143105833029,0.987993839678817,0.990322200917728,0.990085399108976,0.466108574442606,0.531211207424021,0.187517855404613,0.188174887286108,0.522034531390424,0.456782632254796,7188.05118583819,4730.55608250573,4278.34001313019,5650.85510608052,6298.48433780269,4643.34037702514,0.724064724872424,0.824094205474929,630.731579515457,623.336298530229,569.879464367761,860.622883523746,0.723998094113166,0.560114649615451,0.163883444497715,0.290432423584701,0.268344099525882,0.276195314496158,0.260325757123626,0.289995243383096,0.267454915828273,0.273907810841712,0.256741789099769,5037275,3055777
97,0.465867315312809,0.534132684687191,0.98807944134299,0.987860937272981,0.990081511241598,0.989764053845101,0.460313916654239,0.52550329983127,0.190001464381393,0.191208068068896,0.527765524688752,0.462357637441711,7155.87372861012,4697.20467411137,4246.65869546674,5601.96689262491,6261.60124851161,4609.02500834984,0.716585615323868,0.814602527771055,792.48036643837,770.937777384369,713.104010210633,1055.92620004035,0.722603669912683,0.56269812645362,0.159905543459063,0.290154308535255,0.268843460090117,0.275525051230542,0.260959635786794,0.289720393343131,0.267961869148076,0.272921670257471,0.257446210322633,5062645,3084411
98,0.460577550861696,0.539422449138304,0.987994950320698,0.987829472308938,0.989985964178726,0.989722513129048,0.45504829448243,0.519237783385811,0.191503860967641,0.192264430744059,0.532946655838267,0.468591688923127,7325.64680173904,4804.58170837141,4342.67307853773,5716.56381025458,6402.08905615181,4708.79560071199,0.723097600632442,0.828280911945975,637.91626476802,630.931521911323,576.682026092246,877.424584726543,0.73250340625934,0.568484129166727,0.164019277092613,0.289206260725095,0.268820020862078,0.275862913666186,0.261451422361498,0.288724887539598,0.267892523426872,0.273817727936053,0.258068710817247,5082054,3110513
99,0.454533590310222,0.545466409689778,0.987986541630047,0.98783524323239,0.990061525052999,0.989874467448753,0.449073069945285,0.512297306341674,0.192861578489471,0.194589310700385,0.538913471684762,0.475537936890716,7288.00592782204,4775.72033879359,4315.8660248385,5666.80344584589,6359.14310832588,4674.17210364793,0.718385723908866,0.822222102424075,640.666457525305,634.133542151907,577.943051673166,918.705873487791,0.733527935079109,0.569252934150675,0.164275000928434,0.285999125490889,0.26854317760464,0.274538612594017,0.261564187712523,0.285519509691674,0.267548459897246,0.272112310145264,0.258354448676595,5112025,3148297
100,0.448788489288192,0.551211510711808,0.988410079387606,0.988283112536345,0.990073243573447,0.9898363785762,0.443587066325586,0.50527554695429,0.194294687923669,0.196693446936526,0.54482301306202,0.483007565582055,7429.96850803372,4842.05011087554,4386.02939801835,5752.1142326874,6462.44883450049,4746.38781891477,0.724198077060783,0.829691965666602,652.020524703957,642.297452942729,589.969578109886,889.010504123346,0.728964305890379,0.568050676502917,0.160913629387462,0.287366120265362,0.269843062767395,0.275437327514164,0.262395714722251,0.286880988828123,0.26890844203853,0.272998757472412,0.259095254455762,5136762,3182968
101,0.443102562562963,0.556897437437037,0.988074556871962,0.988207293741567,0.989732894860009,0.989755919850508,0.437818368153231,0.498755998304564,0.195698385081594,0.197896861656499,0.550256188718731,0.489451295437003,7402.50564313155,4794.24448418959,4358.60376051851,5707.36448489458,6415.37303634191,4711.31090560297,0.715603660906243,0.816909160779349,810.08237626842,787.607608581362,735.008805537083,1035.7692594342,0.737654583486054,0.579174257307672,0.158480326178382,0.286825994652981,0.268426238894849,0.274159212069908,0.260447905804897,0.286145384973801,0.267290694048341,0.271785525815316,0.257108278175735,5150057,3200519
102,0.435763253206047,0.564236746793953,0.987888095626169,0.987779387489023,0.98953260739771,0.989492072279205,0.430485330353586,0.491064817563346,0.198585419170732,0.202635745818456,0.557402765272583,0.496714569925677,7541.21514222377,4865.72599112031,4415.69146346059,5777.67982969096,6515.5045533572,4772.34492720982,0.719693507183745,0.827052208397863,648.560062702682,641.081774078688,585.890999851453,914.089038175582,0.74685118813191,0.583537830600536,0.163313357531374,0.286259510249792,0.268981151454594,0.27334352482998,0.261393234544037,0.28558560254672,0.26785754061894,0.271684914007275,0.258403571156287,5177362,3236254
103,0.43112212177916,0.56887787822084,0.987916939782579,0.9878416608368,0.989601308265903,0.989600848501213,0.42591284722064,0.484725495129505,0.202373087076622,0.206983770471012,0.562004092561939,0.503116165707296,7506.24807123947,4832.54887699775,4388.50214113011,5732.6313816872,6483.94988699299,4737.25415568622,0.706241909750296,0.819529913771724,639.108900184434,636.004117199468,582.618388385074,922.646448332561,0.740758920252868,0.585430373095433,0.155328547157434,0.286518370110642,0.268959772007636,0.273543758583324,0.26121560187638,0.285831295303767,0.267824218969815,0.271837157176042,0.258183005225267,5194004,3255357
104,0.424625877636406,0.575374122363594,0.987682787417456,0.987834689074536,0.989358482648578,0.989639208076271,0.419395670433509,0.476619820875363,0.206325938372061,0.21168352952424,0.568287116983947,0.511214868199173,7629.34391941003,4935.83657559248,4461.88891002393,5806.87227325833,6600.51048657801,4812.0102482631,0.721928378992808,0.831288600706881,658.049934640571,647.608048882704,598.059489274815,919.94807465039,0.743932052586785,0.594464220142465,0.14946783244432,0.285750613621035,0.269103845746088,0.272486209742267,0.261109098898537,0.285065417773196,0.267786789295947,0.270276017966932,0.258156743424842,5210996,3282690
105,0.41871655579927,0.58128344420073,0.987699385989286,0.987859435572111,0.989475666545414,0.989780567620514,0.413566085066488,0.470481601485581,0.207280688832667,0.213595987395191,0.574133300922798,0.51737783408653,7597.54606602242,4918.44598249543,4432.48114668496,5757.74622859104,6555.85338300107,4776.44836988873,0.712247800555187,0.82247170643769,811.303374468296,792.867321647907,739.611141378815,1042.12760780307,0.755463509377403,0.594996151275066,0.160467358102337,0.2875772588857,0.269082204262769,0.274674666230321,0.261297167889102,0.286825173802149,0.267771970557037,0.272811107902968,0.25838813237919,5238112,3315301
106,0.413043826186708,0.586956173813292,0.98760536232336,0.987882850146042,0.989923963550008,0.9904406863908,0.407924297616551,0.46444170811948,0.209430032069534,0.216682042804658,0.57968106470681,0.523441142026562,7743.91774473161,5003.01708622004,4508.84185808161,5845.06998030788,6667.21530882342,4855.03358488424,0.72357836818957,0.833667568809502,661.237656464691,645.902563291632,588.582960055488,939.267887781525,0.763117472985821,0.599499753934512,0.163617719051309,0.28380349542064,0.268979536451765,0.272837709133307,0.261562273130178,0.283159338944843,0.267685312315771,0.271039025476677,0.258696206264102,5260210,3339382
107,0.408220850030578,0.591779149969422,0.987872693230758,0.988136649232818,0.990199589681104,0.990757340643223,0.403270230552656,0.459326385244881,0.211575300824759,0.21892816391161,0.584602462678102,0.528810263987937,7716.57886660789,4983.4430769082,4479.41887029275,5800.8950756735,6634.35749999234,4819.33480852479,0.714849141174597,0.826176644112509,650.615023443072,640.556427648348,587.710066293945,899.772908364745,0.755121189925654,0.596171382675338,0.158949807250316,0.283663021141401,0.268890354743474,0.271356605614142,0.261413905739686,0.282736341625136,0.267574728234347,0.269620740656164,0.258564694143995,5281896,3366561
108,0.403157371774753,0.596842628225247,0.98787898027837,0.987977268559136,0.990008920606601,0.990402335598547,0.39827069332055,0.452811689888821,0.213553607766325,0.222601327405116,0.589608286957819,0.535165578670315,7863.42081119346,5065.37741575037,4555.00661334622,5888.81818609259,6749.07420011882,4893.74052636772,0.722391011723071,0.83784849270013,661.386617158465,648.751546867237,591.399330820717,881.705526882866,0.757347243369902,0.583371333170932,0.17397591019897,0.281480324711788,0.269181073170586,0.271068181911351,0.262518347722313,0.280990334495268,0.268017650950473,0.268979988119889,0.259414818342283,5293979,3389781
109,0.398040469809675,0.601959530190325,0.987658506386581,0.987993702309605,0.989777680447756,0.990450886521981,0.393128055893637,0.446195556355575,0.216145857461118,0.225096814044293,0.594530450492944,0.54179814595403,7826.30806439627,5051.55208519672,4526.16452930585,5839.7552124526,6715.10175273248,4857.57464217053,0.712837608868647,0.828463192510483,818.350551604487,798.695762198869,730.300856977457,1117.07100948124,0.763777336132633,0.589610121560336,0.174167214572297,0.282865516386819,0.269215967520626,0.271925304797432,0.262256131947856,0.282162646385366,0.267818213863424,0.269926694570749,0.2592892378211,5314565,3413807
110,0.394642085553795,0.605357914446205,0.987465204653839,0.987721445830934,0.98957012832212,0.990167974509945,0.389695327776396,0.441252622683654,0.217828435753501,0.227466280132321,0.597769876877443,0.546468823147279,7975.9718557381,5136.83088472513,4598.52473077474,5931.40750801795,6832.31058094569,4931.69155153373,0.722549987004141,0.840082153299521,659.958446713763,641.931222888959,588.451446920905,901.504664107151,0.761089289688271,0.606592732873992,0.154496556814279,0.284260529383819,0.269190885287032,0.273081232644592,0.262413089670424,0.283562998540062,0.267835947859921,0.270976019867962,0.259475622016629,5343196,3441057
111,0.391716128190807,0.608283871809193,0.987485508229332,0.987748353425578,0.989957911805696,0.990181347808083,0.386813999928125,0.43794094208277,0.219036635071612,0.228954171321869,0.600671508301206,0.549807411342808,7953.77193507764,5107.54293328109,4565.63763627515,5892.82448559254,6794.32384829389,4895.42911365478,0.714095468973787,0.833599526559413,658.762930402662,632.606018417175,582.415438107336,877.724259532539,0.766633790456771,0.617211103177515,0.149422687279257,0.283444328721545,0.269447897863569,0.272284411972072,0.262621904232329,0.282898973481672,0.26832727231738,0.270318832721995,0.259733514166536,5375552,3470774
112,0.387203536763589,0.612796463236411,0.987422822760321,0.98769282206605,0.989885211948153,0.990117659998545,0.382333609253883,0.4339338122662,0.221575304276369,0.231570684208234,0.605089213506439,0.553759009799849,8097.17580403934,5228.2691042549,4642.70700590972,5980.28954218497,6924.980786216,4977.66338944972,0.714156999500852,0.84139895356137,669.988598705781,650.606230148649,604.848680883776,944.09354638954,0.771163817065303,0.638703784653163,0.13246003241214,0.286253896432185,0.269853476159034,0.274123687572315,0.263106897105432,0.285700310578122,0.268715135832939,0.272037698155331,0.260301135530061,5385970,3493706
113,0.382991131658228,0.617008868341772,0.987627321965856,0.987952320620656,0.990172781387346,0.990470757969261,0.378252505696288,0.428384934021154,0.222410522635073,0.233106774044455,0.609374816269568,0.559567386599502,8073.32756582723,5204.8214971838,4613.41805895003,5938.53271642398,6885.42621448205,4940.87729571521,0.707660817970823,0.831948489369409,823.175619817567,792.8743226452,739.392570688079,1106.53211006782,0.765317577117868,0.62637144547841,0.138946131639458,0.284600487101541,0.269736970220772,0.273197914050963,0.263131011834915,0.283883847244747,0.268584196912808,0.270769404711125,0.260495153045395,5397955,3513992
114,0.378686457211336,0.621313542788663,0.987257746186949,0.987415627750745,0.98984047478908,0.989922812829306,0.373861138257985,0.423957476675611,0.225063538034769,0.236104911306098,0.613396607928965,0.563458151075135,8209.84770324218,5302.4791466369,4686.12149161064,6020.50888687611,7006.46711182175,5019.69140000488,0.721069161259828,0.845591226584939,671.724670431637,643.344202591472,598.465533997569,901.424759223784,0.777234825395099,0.644734093244082,0.132500732151017,0.285264818833789,0.269569293874411,0.274656814853537,0.263455749521283,0.284666922091141,0.268503193448583,0.272578631393224,0.260902410798694,5413651,3542193
115,0.373840487247968,0.626159512752032,0.987181838265307,0.987153999743512,0.989869576560866,0.989742652515333,0.369048539419448,0.417686893813603,0.226247347398538,0.237973775811479,0.618133298845859,0.56946710592991,8190.98100361479,5264.59512419932,4653.60099262037,5976.01685951175,6961.99462852074,4982.78190441661,0.710447613833144,0.835537529114339,687.3363622952,652.299551831753,608.380437703992,935.598447684337,0.781206402137554,0.649550564789902,0.131655837347652,0.285393022223955,0.269966415089008,0.27261963586329,0.263426972012281,0.284897203373411,0.269040761987655,0.270169833190365,0.260707851704857,5434905,3561779
116,0.369307109276457,0.630692890723543,0.987058138220712,0.987132960285706,0.989726838954767,0.989706177248551,0.364527587714093,0.411794448210995,0.226951770971358,0.238720720376613,0.62253055050662,0.575338512074711,8326.80019028391,5398.3554988719,4725.92236565493,6055.75214592635,7083.58938311769,5060.29144148667,0.719096429883745,0.846675826380604,699.442888406994,667.003718558637,625.823867895965,954.219228374298,0.786260943482949,0.660780264907304,0.125480678575645,0.284537911192716,0.270059948542088,0.272507330938096,0.26351348777613,0.283950682861003,0.269044624584474,0.270282250292724,0.260840003175831,5459005,3593559
117,0.364577089766061,0.635422910233939,0.986978431336535,0.987145998404098,0.989655970704902,0.989730303972731,0.359829724158546,0.405623747554551,0.230158385758219,0.242231152806191,0.627148707177989,0.581522250849547,8303.09065356739,5367.55397639449,4696.32756025785,6011.27075229228,7050.22148407666,5022.89470717052,0.711175626400764,0.836892224476364,835.219076238648,810.432625332829,774.757025712961,1084.4574465249,0.770126435028892,0.662708454373432,0.10741798065546,0.286126118573703,0.270824346066925,0.273946538339511,0.263882840822521,0.285559705469922,0.269793268102754,0.271369165881094,0.261221442648195,5476676,3620849
118,0.359346159375686,0.640653840624314,0.986809367528296,0.986832134528309,0.989482048848323,0.989419326718883,0.354606156257243,0.40090061387187,0.232532906849461,0.244964130600855,0.632203211271054,0.585931520656439,8467.12253225684,5459.2463665298,4765.40903845323,6095.60556556071,7170.28518514296,5095.39047664271,0.716966103895917,0.847669711738095,683.577699835087,654.088919194319,616.421464322233,950.63310284384,0.771141680223143,0.663625717461749,0.107515962761394,0.282549519357342,0.270669746564414,0.272557454330419,0.263920063459948,0.281920113251792,0.269597605134762,0.269931045115395,0.261180795394548,5494421,3650305
119,0.354868318858999,0.645131681141001,0.986585400076546,0.986668805846632,0.989236236954047,0.989234412389892,0.350107902335997,0.395402673614773,0.234101198319976,0.247297503948126,0.636477497740549,0.591266132231859,8416.26817892127,5441.9823163878,4732.35153793676,6039.65684313962,7126.28900628137,5057.92437019681,0.707567329069004,0.837476203552305,681.121651155646,651.658984015316,611.622942997355,927.258446072536,0.767514759553847,0.650669282605351,0.116845476948497,0.286086728344466,0.27070388693439,0.275161448459304,0.263807069944772,0.285345255259279,0.269567194765608,0.272848341630608,0.26104276066624,5527150,3687493
120,0.350614660237787,0.649385339762213,0.986296266087861,0.986618077221719,0.988933000536097,0.989175556102966,0.345809930228194,0.39023329677339,0.235483409894119,0.24897462003104,0.640486335859668,0.596384780448329,8552.32307768803,5528.89228550683,4793.99367390164,6111.71906087189,7230.13227518147,5121.53534485561,0.716671227272246,0.849769497896785,692.298063312967,660.132010641122,616.741616594494,965.69694481122,0.773577102425642,0.652744772046336,0.120832330379306,0.283813995807744,0.270537630523121,0.271926942198658,0.264068954362234,0.283173562187998,0.269304452936672,0.269587219734046,0.261210925042933,5542855,3711344
121,0.346782257353431,0.653217742646569,0.986398719628905,0.986467979728978,0.988754744443491,0.988691263651345,0.342065574643446,0.384909841634385,0.235779982072438,0.248896507053088,0.64433314498546,0.601558138094593,8503.98491317767,5492.81713029241,4762.37292325191,6059.89757525903,7174.36953754194,5083.68600380537,0.709747359246564,0.842428515750508,843.941235447808,822.353149245542,781.081977715713,1091.5294817745,0.780422845103803,0.657670900099169,0.122751945004634,0.285339172565559,0.270538438030997,0.273080483697367,0.264294998084607,0.284833659462658,0.269501847421806,0.270315666848158,0.261085406214794,5566359,3735935
122,0.342431598780528,0.657568401219472,0.98627050809722,0.986671572249252,0.988502605815548,0.988748958354799,0.337730186917814,0.379746041169384,0.237250057181675,0.250522530215525,0.648540321179405,0.606925531079868,8650.86286572459,5561.05622225788,4830.68260925989,6138.8330421109,7277.01045960527,5150.29716150297,0.715453572048247,0.847844118807982,704.256843830526,661.824076632624,617.869230543897,997.215837575567,0.763874839879254,0.648248177759613,0.115626662119642,0.285237301285818,0.270013491733688,0.273452826401835,0.26368687990229,0.284595835625021,0.268762032474452,0.270808658980141,0.260488870096247,5584322,3763769
123,0.33699537660949,0.66300462339051,0.986284431797094,0.986753979291871,0.988441162399127,0.988754400627301,0.332373293537539,0.375077732699087,0.237643438844245,0.250976470214028,0.653911138259556,0.611676246592784,8616.27096897271,5518.80108004811,4792.63043801276,6081.17961876291,7217.58345658804,5112.4273294331,0.713648240415285,0.841683228747634,702.592935048411,651.866845162132,608.142688115625,1019.79292906329,0.766145902734768,0.65573396894052,0.110411933794248,0.284224131325465,0.26997990183053,0.27223245677595,0.263438471206357,0.28350115203265,0.268668916123608,0.269458694327001,0.260238043249368,5619133,3801791
124,0.332585567267206,0.667414432732794,0.985784523404415,0.986515664754091,0.987937046662685,0.98850733503318,0.327857704919689,0.369259662721802,0.239535260200533,0.253871296196642,0.657926818484725,0.617256002032288,8770.33191791527,5606.67994413874,4870.02677124068,6167.21197096265,7334.08647318667,5188.8269727632,0.717919828155309,0.848265524200195,689.820095162736,648.548888592864,610.546959083483,981.961237205892,0.766090010616707,0.668043088471088,0.09804692214562,0.284136645439049,0.270806317540393,0.272632586702882,0.263905856401604,0.283417498994356,0.269205428622031,0.269594236142422,0.260558076507308,5624045,3817949
125,0.32648018490429,0.67351981509571,0.985547498893691,0.986752224456941,0.987844655303294,0.98892583015228,0.321761729670772,0.362651242549038,0.239172515310204,0.254248473322479,0.663785769222918,0.624100981907902,8744.84328156668,5560.3411554839,4832.19597953155,6109.59779416525,7267.20974697769,5150.48033088364,0.709437676166749,0.839079468349525,862.971447521819,829.611915403781,787.880572477726,1186.54757840248,0.771132015942828,0.660973229167572,0.110158786775256,0.284179410267254,0.271050898936952,0.271583081201806,0.263595223310635,0.283253274267721,0.269192829450955,0.268761067928867,0.260315224463319,5668364,3863705
126,0.321837880935541,0.678162119064459,0.985607890537606,0.986674775919596,0.987884286058323,0.988833921140913,0.317205954923972,0.358199292818781,0.238289129137977,0.253489357171819,0.668401935613634,0.628475483100815,8901.35132224341,5644.14588404263,4898.72078341544,6186.91891419971,7360.33796252402,5223.53477731076,0.719091023919837,0.850611321274691,703.754134449233,673.63590470475,635.534490669723,989.295848041372,0.77887667337354,0.672229500063823,0.106647173309717,0.284486207258261,0.27070648802285,0.272006326175758,0.263495138715167,0.283708994292593,0.268958227045017,0.26924001516858,0.26011254995981,5715394,3913712
127,0.318304081581895,0.681695918418105,0.984936474131522,0.985997782479784,0.987228361753259,0.988204237676617,0.313509299814944,0.353862933765697,0.238354603572185,0.254182238611498,0.671427174316578,0.632134848714087,8842.93987353678,5595.33734639689,4863.07745674053,6129.88390814116,7294.11597437298,5185.12643335995,0.709122996269749,0.838374679829954,694.519508872835,657.342461607339,621.256397325856,965.949981030636,0.776839982768545,0.67688882058323,0.099951162185315,0.284442332288832,0.270177307665122,0.270829006157666,0.262941735594968,0.283484976950886,0.268307770182015,0.268076423323351,0.259524092744809,5740187,3938656
128,0.314362967545964,0.685637032454036,0.984995722907864,0.986073528507295,0.987295025716359,0.988299610182257,0.309646178473398,0.35013194056603,0.238354009563846,0.254281563172981,0.675349544434466,0.635941587941265,8963.09157703328,5661.46310471066,4920.51507762904,6191.35142251333,7371.79926377232,5248.40381327081,0.712039622991101,0.842718082542024,691.807330336659,658.434481546444,620.028965897457,1000.59732335693,0.784200636336981,0.683915321483571,0.10028531485341,0.285836551977673,0.269296345493002,0.272005938144237,0.261878809753485,0.284974767265259,0.267415794180165,0.269299273948755,0.258423822098427,5768656,3964181
129,0.310637666489605,0.689362333510395,0.984683017900804,0.985902605787936,0.986961353045606,0.988108267380383,0.305879634912647,0.345870997480934,0.239575012580511,0.255703837306508,0.678803382988157,0.640031608307002,8921.89144487747,5634.01560408093,4883.17211439831,6137.75046282481,7322.76868291439,5209.61688464064,0.700646382419141,0.830622863126423,855.915082703683,826.857166392466,787.025972352274,1156.86059538997,0.790336026857036,0.683676453338047,0.106659573518989,0.286286546971649,0.269605179737769,0.271134297636295,0.261685426659432,0.285514129091423,0.267757440416002,0.268305409898116,0.258075033807242,5815522,4005498
130,0.306961745319689,0.693038254680311,0.984562188950081,0.985795926157725,0.986956867310248,0.988141115268697,0.30222292789589,0.342840592833269,0.242127390187757,0.258530522746137,0.682339261054191,0.642955333324456,9068.09904875005,5717.25693554602,4942.40594834571,6208.83590309922,7428.37196014603,5274.89697103104,0.706948725530987,0.83780272460707,694.916695007684,661.747781686011,618.678222492024,1026.03434864905,0.789549448925169,0.680944167207228,0.108605281717941,0.284985965685824,0.269857072906492,0.272134319703277,0.262351335893632,0.284105944312646,0.26796018120133,0.26944480935835,0.2589454076602,5836330,4035534
131,0.303428822796458,0.696571177203542,0.984314196959426,0.985143404184325,0.986693720296418,0.987880975983518,0.29866929804524,0.338780965125917,0.242792208332678,0.260003998774768,0.685644898914186,0.646362439058408,9024.02414855782,5679.94663918206,4906.33867635165,6155.76313182925,7372.42228155981,5236.11096389112,0.698072653354321,0.828393844923877,679.405148693156,649.292627917711,609.816271127107,983.89246813469,0.798664712641488,0.694812692768754,0.103852019872734,0.28519041672405,0.269284746653753,0.271633130683219,0.261704470322325,0.284323378371149,0.267345834501923,0.268724902889658,0.258133797966225,5871812,4064113
132,0.299069157246044,0.700930842753956,0.98423082504123,0.984758055838498,0.986763940050839,0.98768379088652,0.294353083380659,0.334705541798997,0.243693729527547,0.260406262604525,0.689877741660571,0.650052514039501,9162.75249640578,5770.70886004832,4971.77302538217,6225.16572381667,7469.43022305148,5306.84327483029,0.711059582482736,0.837298306997054,698.51814134896,663.040085764862,626.046323768508,1004.97467354495,0.791468657034509,0.694611675938699,0.09685698109581,0.286429679057656,0.26911610566149,0.274253462840146,0.261596717932487,0.285407491908621,0.267336548000549,0.271178926173657,0.25774965699593,5892641,4086226
133,0.296899412589645,0.703100587410355,0.984339061662923,0.984853462315386,0.986852529803125,0.987757655397046,0.292249689196765,0.332423297499808,0.244299382632586,0.260749183960187,0.692089372466159,0.652430164815578,9108.6938716016,5719.71022913014,4934.87332526959,6174.07819373016,7412.24717158175,5267.62446494529,0.702118556036775,0.82796212726524,850.876743629524,833.064823425268,793.123650790914,1213.07569468741,0.773780422177133,0.677862907297397,0.095917514879737,0.284827711341176,0.268672837598364,0.270314471969639,0.26084062094176,0.283928847039071,0.266948875267046,0.267367914146838,0.257043568781253,5932898,4116742
134,0.293819828503199,0.706180171496801,0.983726415822341,0.984567998287646,0.986378095282883,0.987454884274083,0.289038326790987,0.328463303563044,0.243859003426811,0.261334312977737,0.694688089031354,0.656104694724602,9237.76604222872,5799.20938595982,5000.81912379313,6245.71814074503,7501.70428590181,5335.1322026673,0.704244429733277,0.8334576373079,703.276768541929,662.076019170722,624.548280472652,996.604603826396,0.78187718305052,0.685409910622314,0.096467272428206,0.282904786580575,0.268615353255552,0.269408693897165,0.260772526431514,0.281974441758091,0.266815891763818,0.266003739825279,0.256793616837946,5960929,4149008
135,0.291074893956337,0.708925106043663,0.983656984457957,0.984692190517851,0.98626899239979,0.987627215261268,0.28631785244051,0.326303969882521,0.243806005776535,0.261736869886741,0.697339132017447,0.658388220635329,9190.39515228239,5771.62949250326,4964.62354462964,6194.63956721087,7448.9024767627,5295.90328941239,0.699473267312244,0.824726336460506,694.225960307533,653.159222713035,612.694105412785,1054.42179592755,0.772643651388478,0.678160457351236,0.094483194037242,0.283792074152363,0.268638718664674,0.269612172156045,0.26102350923641,0.282726447355107,0.266677194947501,0.266823742590251,0.257339524617577,5986506,4175654
136,0.287905443064382,0.712094556935618,0.98351364384679,0.984539374324857,0.986165835953911,0.987517238318942,0.283158931391575,0.32125345114736,0.245719843271533,0.263528851366835,0.700354712455215,0.663285923177497,9351.41955930808,5860.74842389329,5039.08711368565,6280.63109708349,7564.83664695242,5368.48078028711,0.701893820533695,0.833324358288024,698.674460938217,657.915218242308,617.532265457225,1019.87747231103,0.784039424049742,0.685914478488968,0.098124945560774,0.283936081211708,0.268924871633037,0.271136510842806,0.261538531924265,0.282741826054405,0.26689694706011,0.26835328287868,0.257774381613589,5997077,4196533
137,0.284057665536684,0.715942334463316,0.983032414428004,0.984400129515759,0.985709595139491,0.987383510955656,0.279237892789308,0.317413581377186,0.246902015937474,0.265012349400094,0.703794521638695,0.666986548138573,9291.54295451139,5823.69949476101,5000.2827955643,6219.24813852539,7505.84856177907,5328.8064548568,0.693691803359888,0.823570388637365,859.798148459221,832.48332643465,794.663905641502,1198.66980160348,0.789481736919845,0.696983937366912,0.092497799552933,0.2846340725751,0.269340246662139,0.271560755306897,0.261571387769709,0.283369101322237,0.267113016874716,0.268443549418163,0.257796391279881,6028743,4236352
138,0.282151834127429,0.717848165872571,0.982827982803943,0.984306229743901,0.985540197439111,0.987353606959721,0.277306717979894,0.314595151266366,0.245870955495177,0.265010191461371,0.705521264824049,0.669711078477536,9443.50652127104,5919.67557308016,5074.01953456555,6306.87830206044,7611.42272438977,5404.41101325782,0.701861231911417,0.831395974399628,699.7647661453,667.233546958466,631.929636348954,1035.6626162652,0.790532838456398,0.702644665213257,0.087888173243142,0.286222741637428,0.269119849499223,0.272212390733398,0.261343950580702,0.285024815408413,0.266847689451522,0.26948660661405,0.257661748544579,6052959,4257781
139,0.278506063783948,0.721493936216052,0.982648763888436,0.984131296559213,0.985414748798924,0.987204120311198,0.273673639312731,0.310377751398673,0.24679801785266,0.266536002981139,0.708975124575705,0.67375354516054,9415.83304309187,5886.53140164775,5040.87807685211,6259.32956373158,7562.14532861318,5364.67269698386,0.691805362941049,0.82414564227367,692.718125974607,640.880897044656,606.836993437932,1017.74040128744,0.783075755132889,0.702832227881585,0.080243527251304,0.285523039880548,0.269070138541198,0.272124565953187,0.261402232855866,0.284207567854737,0.266787667487955,0.269280850122608,0.257746578874607,6079778,4283125
140,0.275996070219723,0.724003929780277,0.982608911640207,0.984013623071611,0.985637638301369,0.98739347570569,0.271196198175577,0.307857927480718,0.248005907716938,0.268198579508881,0.71141271346463,0.676155695590893,9572.18181299655,5977.32943446245,5111.45777752081,6342.60008164679,7673.82371373288,5440.02715421285,0.699501091408025,0.832193941334991,705.029777514872,655.674426614552,623.964123213887,1035.14615036154,0.787568629467173,0.71173475945524,0.075833870011933,0.285909768101492,0.269332859914432,0.273951394363106,0.262098816380384,0.284585594790695,0.266980775208809,0.271081467227038,0.258534537505587,6112355,4316623
141,0.272704625871926,0.727295374128074,0.982284023734878,0.98392200518813,0.985473721549666,0.987290228050682,0.26787339719259,0.30539380111198,0.248421068097495,0.268940890521302,0.714410626542288,0.678528204076149,9493.99802329001,5960.70980713278,5071.56414266074,6277.58231952107,7612.68227621337,5399.82408438749,0.692046889294533,0.822487424454059,845.878733106936,817.649988155573,787.837095843971,1158.10151208356,0.774967983363197,0.703900020751994,0.071067962611204,0.285970959444762,0.269793734078965,0.27354427906223,0.262278786147663,0.284648903568576,0.267334109672516,0.270606100821754,0.258685809067864,6147925,4359300
142,0.269819374541957,0.730180625458043,0.982088799673888,0.983585258454012,0.984954938506324,0.986611294390333,0.26498658567267,0.301746185785339,0.247157745657834,0.269082645932923,0.717102214001218,0.681839072668673,9639.3320058932,6008.22625161694,5128.30389599411,6345.46667914827,7686.54068076045,5461.29365432366,0.697518645962927,0.828626754117142,693.534333379456,653.172951567885,623.878149415399,1045.13757032804,0.773054327800522,0.705477099427251,0.067577228373271,0.285248884334267,0.270397178281272,0.273266006111174,0.26294353312532,0.283781014060294,0.267990587363034,0.270458805073622,0.259200039332341,6194576,4402196
143,0.267722567803547,0.732277432196453,0.981251750477567,0.983492175381293,0.984135659579947,0.986538418191393,0.26270323829958,0.298563147142175,0.249239774155471,0.272581355748129,0.718548512177987,0.684929028239118,9576.21105427174,5984.83016302583,5095.38995978206,6295.00688906714,7646.41883291318,5421.13708333598,0.690053766112476,0.819459636885297,678.139339333419,642.876043004793,607.802798585991,1122.67501006989,0.776196093345233,0.703122340442683,0.07307375290255,0.287058942722261,0.271268964873611,0.27527474811428,0.263262354691806,0.285188587722982,0.268273854196101,0.27203447954753,0.259450736428616,6231459,4431792
144,0.265189599412724,0.734810400587276,0.981208069070825,0.983254535110915,0.98411389496787,0.986291254163334,0.260206174777424,0.295479954202044,0.249965669459226,0.274705004580817,0.721001894293401,0.687774580908871,9699.07710795888,6054.42374234712,5144.29629214156,6352.17679210092,7725.75089174671,5476.10693586976,0.693488002602102,0.822089492292281,689.708425653056,655.595994853924,621.380905141215,1076.45500052887,0.780842662562242,0.704446767824846,0.076395894737396,0.288469211031647,0.271761384964194,0.276036413524853,0.263857968022411,0.286675275095524,0.268944083967558,0.272974999249359,0.259847726007099,6270731,4464963
145,0.261804919074865,0.738195080925135,0.980629481157066,0.982309931475963,0.983877683260475,0.985630644680444,0.256733621956753,0.290751190521791,0.251857328381363,0.277101914177854,0.723895859200313,0.691558740954173,9680.10055441254,6022.62862682005,5109.69060795992,6306.24641412991,7685.75104391098,5435.63722804055,0.687909673197557,0.815420574545495,858.370317104125,824.225731823153,797.832340800401,1169.54866443132,0.781832733106845,0.719346494732284,0.062486238374561,0.28906588016199,0.272469970396196,0.27691833960857,0.264867251427901,0.287227761496374,0.269756125056213,0.273490441639646,0.260538849827049,6301745,4502774
146,0.258918103852867,0.741081896147133,0.979501176340392,0.981842859369952,0.982985998293438,0.985244259547064,0.253610587299708,0.285854225362299,0.251696693459493,0.277360267563689,0.725890589040684,0.695988634007653,9814.8863985871,6115.86822690912,5168.09435561542,6371.23294038024,7774.19626656808,5491.88819677882,0.693059639074137,0.823344885118986,701.049111945807,662.127830938993,636.637731632181,1033.58209552738,0.791229144544762,0.728580249971781,0.062648894572981,0.289780454201717,0.273086709730321,0.27832562883377,0.264912552127182,0.287908960185438,0.270054354292049,0.274595615102122,0.26027131808755,6335139,4535534
147,0.255574589323933,0.744425410676067,0.978800933694764,0.980959249361715,0.982387335420163,0.984402368104113,0.250156646658922,0.282488533270615,0.252317261251667,0.277677246816975,0.728644287035842,0.6984707160911,9772.86845221361,6078.59445528445,5131.05020507709,6317.38099730535,7716.74181205636,5451.50666592017,0.680950938561374,0.811357724382625,677.067384886658,638.800665971259,610.222921664353,995.204337585166,0.779411233915401,0.712126149547537,0.067285084367864,0.290185729756149,0.273612543359911,0.278174049084415,0.265712794186306,0.288441904762964,0.270745753599722,0.274091490795319,0.260913575843955,6355079,4560922
148,0.254115805022459,0.745884194977541,0.978323450117665,0.980711767858431,0.982013143143155,0.98413283832203,0.248607451099,0.279471808658512,0.253022122960486,0.277433394345338,0.729715999018665,0.701239959199919,9899.40467235212,6145.23496608357,5188.55485423028,6385.65624810221,7806.36580902914,5509.73912887767,0.687227654787036,0.818472151717292,680.732575004793,643.75425679566,618.555283669133,982.724070211042,0.786692577340032,0.72570642781637,0.060986149523662,0.289060800593661,0.273394228830292,0.276481520973942,0.26540980504175,0.287219854545638,0.270422067029089,0.27235118078831,0.260722795589751,6385737,4592422
149,0.251391672800037,0.748608327199963,0.978053969989237,0.980057909893154,0.98179510998404,0.983546324459279,0.245874623604312,0.27589493293371,0.251824604338561,0.276695167495432,0.732179346384925,0.704162976959444,9859.09155664574,6106.90903127438,5153.00788374828,6336.07813061492,7741.36655903466,5469.02087129577,0.684781590716053,0.809691345499964,847.049781563095,814.550714218311,785.687665309876,1234.72258618368,0.772981347293309,0.711878316888175,0.061103030405134,0.288094064124006,0.273048005905988,0.275869881321443,0.265140204201349,0.286490922510749,0.270338095829879,0.27162092609082,0.260318542521359,6427274,4631879
150,0.249617433379679,0.750382566620321,0.977467588415611,0.97923681995547,0.981232073731988,0.982731659312091,0.243992950632129,0.272866182734606,0.25196419956958,0.276910037154275,0.733474637783482,0.706370637220864,9996.06088971877,6183.30637658104,5214.14326745703,6407.79327095907,7832.65749415906,5530.50024926268,0.686036574002685,0.817928934074758,687.132542616644,639.136565708275,610.313622302333,1031.67267649789,0.782062766523878,0.718012829652712,0.064049936871166,0.29111898125419,0.273287638309159,0.279309856197972,0.265431304595852,0.289495325544825,0.270578121034668,0.274640768492773,0.260292077871152,6454377,4655631
151,0.246455053287279,0.753544946712721,0.97670006583925,0.978387295076361,0.980434788678014,0.981853542591328,0.240712666772101,0.269304315780053,0.253387502498328,0.277959871331266,0.735987399067149,0.709082979296308,9930.53457899251,6170.69626393314,5175.38249737956,6347.31375704259,7782.82988083474,5489.8348062534,0.683815827148761,0.809579403102018,676.801827361028,620.409112266129,587.119714639853,1028.87035359979,0.764853238975745,0.695972660730136,0.068880578245609,0.289991539306558,0.27399167495774,0.277978516503034,0.266465921446214,0.288351928351469,0.271213726754121,0.273637348161479,0.260975845692812,6486161,4680655
152,0.246089603261915,0.753910396738085,0.976533357051768,0.978503416995752,0.980103782219322,0.981791564419908,0.240314706408895,0.268352567718889,0.252821419824251,0.277585924035978,0.736218650642873,0.710150849276863,10079.6660750968,6269.77537650112,5242.07048295398,6432.55246296599,7893.13836900896,5562.59878860499,0.69154721143202,0.816592421211445,696.340276356697,646.912918987065,620.473354596233,989.303414236397,0.766286785551741,0.705121816799302,0.061164968752439,0.288897043934123,0.274223957389485,0.276380485593874,0.266154792147508,0.28722848066532,0.271304525500224,0.272033135035161,0.260845153859745,6549460,4732753
