agegroup,period,,,,,,,,,,,,,,,,,,,,,,,,,,,,,,,,,,,,,,,,,,,,,,,,,,,,,,,,,,,,,,,,,,,,,,,,,,,,,,,,,,,,,,,,,,,,,,,,,,,,,,,,,,,,,,,,,,,,,,,,,,,,,,,,,,,,,,,,,,,,,,,,,,,,,
,3,4,5,6,7,8,9,10,11,12,13,14,15,16,17,18,19,20,21,22,23,24,25,26,27,28,29,30,31,32,33,34,35,36,37,38,39,40,41,42,43,44,45,46,47,48,49,50,51,52,53,54,55,56,57,58,59,60,61,62,63,64,65,66,67,68,69,70,71,72,73,74,75,76,77,78,79,80,81,82,83,84,85,86,87,88,89,90,91,92,93,94,95,96,97,98,99,100,101,102,103,104,105,106,107,108,109,110,111,112,113,114,115,116,117,118,119,120,121,122,123,124,125,126,127,128,129,130,131,132,133,134,135,136,137,138,139,140,141,142,143,144,145,146,147,148,149,150,151,152
16,0.630332332916701,0.608961355015314,0.646232852285966,0.614291032822795,0.628768001114009,0.601742178448014,0.639337722893413,0.65429691731115,0.610277281493282,0.641681616971935,0.647989839343651,0.643893153957347,0.610629441336559,0.655371113791012,0.601938721441262,0.653363488087465,0.654653848108318,0.655944208129171,0.675258694348591,0.68161749166123,0.667963490301685,0.65213821101716,0.645023000645938,0.658412369662286,0.666216237188256,0.659352938856534,0.677293049221664,0.68342987762384,0.695645168070171,0.70747611870461,0.704736682953989,0.652166141916324,0.690335684772416,0.722737813546434,0.728431634412257,0.702583514885401,0.635187311456718,0.71920230536408,0.71032188595801,0.721125222991515,0.721617250553929,0.739539249951473,0.706978343219577,0.749553063373703,0.743593125916473,0.729273697152493,0.745817243898439,0.73112880921378,0.734223764765309,0.737318720316838,0.740413675868367,0.743508631419896,0.735850266556652,0.75514927271173,0.732963856092254,0.758609899610313,0.751443926211303,0.758033107215419,0.73561155673632,0.750137912568271,0.751402381216882,0.745276667919811,0.754983677748148,0.755194424179144,0.741363163075452,0.777229073569604,0.775022157125358,0.87381411402705,0.788809194965643,0.779643115237089,0.792258596063667,0.784450798024818,0.826884205193422,0.785744086672723,0.788026984652004,0.787393066277428,0.765624525078875,0.757429027532505,0.775642026214354,0.795616014282965,0.779971286962317,0.780366304226836,0.780397837609303,0.77735494848333,0.776913992334246,0.779280555867307,0.784946422133671,0.785799811048893,0.781556830188694,0.780766532692507,0.776613225447384,0.778874606414704,0.77842639474607,0.778551198200104,0.777504877169109,0.774000829066491,0.776494773729598,0.777190405725244,0.776423487299444,0.776581925102457,0.77862410092879,0.77757207013351,0.774661569233098,0.776346561864329,0.775671498080823,0.775499838393085,0.779251028281007,0.778216095774812,0.779780276049624,0.782400712472823,0.78794044810642,0.796019301616256,0.802563986440611,0.805971642225622,0.810083975287539,0.817871208035692,0.82355025217175,0.828481512798724,0.835611530899718,0.844190592055207,0.853354269653389,0.863508469812622,0.869251070760674,0.874091581977459,0.88436633712607,0.889026326890182,0.889360674207083,0.885640064409855,0.888357164915358,0.892204697950164,0.893181967663334,0.893696012839973,0.898143187192023,0.895769563538219,0.898532244042146,0.894257915261223,0.894375310419937,0.897271237959063,0.89608810531769,0.899754080594658,0.894611085184314,0.895383802514986,0.894349650740494,0.900859088878143,0.896943160399394,0.892052641613097,0.890823693454501,0.887196980272521,0.884525197470045,0.884375993359045
20,0.219651830272518,0.236263780061059,0.215479710223447,0.224835226434866,0.236872637552068,0.235922501859463,0.231028750340215,0.236420137554498,0.213535901616762,0.222712670640223,0.225069930104405,0.223868888585039,0.222431034398859,0.22298232738758,0.232244563573668,0.228044200963612,0.247958541505134,0.267872882046655,0.257178735621249,0.250136971502211,0.248619164525281,0.252683341814019,0.261415415571127,0.242715062577354,0.234989033825409,0.261667516381506,0.268496523401957,0.235461712590742,0.259932918687087,0.248212837747665,0.241638745793109,0.25331609701402,0.258259609674683,0.268016247379455,0.282321926820392,0.260711174685262,0.264654867810771,0.260324171564612,0.259149591485019,0.258248416067312,0.269189224720678,0.263497863206713,0.263707108626406,0.286283522808373,0.297932059062706,0.278688440946168,0.285241938066417,0.306760735848619,0.301241901956509,0.295723068064399,0.290204234172288,0.284685400280178,0.29385366507878,0.29101090415933,0.297876251867893,0.286307077874833,0.270053087048215,0.30330224052841,0.279239167340481,0.292817288168312,0.311925952172524,0.296336336932031,0.27625586568802,0.29930670442991,0.287807000843147,0.317992889063414,0.319553646394956,0.462587654366823,0.428320223620186,0.340362271991749,0.267780264738498,0.276969139903352,0.320850976894462,0.300268438767524,0.29848458117055,0.308864989134293,0.284290748236743,0.341959077266513,0.30738753709603,0.332758328273113,0.313734170365275,0.313893061360156,0.31390574528808,0.312681779340348,0.312504409975715,0.313456332000375,0.315735359295599,0.316078624833436,0.314371936263867,0.314054048498699,0.31238343007389,0.313293043662905,0.313112755851856,0.313162956556376,0.312742086370406,0.31133262471102,0.312335784279706,0.312615593973578,0.312307110161317,0.312370839882544,0.313192280811619,0.312769113940899,0.311598399581791,0.312276167820273,0.312004631445022,0.311935583377974,0.313444454880094,0.313028165592729,0.313657338498223,0.314711377872453,0.316939670621303,0.320189293326367,0.322821814930679,0.324192503927148,0.325846640974258,0.328978962697533,0.331263290634056,0.333246831550907,0.336114796501664,0.339565621780904,0.343251602068662,0.347336008271725,0.349645901179696,0.351592939226002,0.355725837239223,0.35760026267897,0.35773474990925,0.356238178884781,0.357331100236044,0.358878724622742,0.359271819737665,0.359478588294045,0.36126741126629,0.36031264939206,0.361423904755395,0.359704606857682,0.359751827663549,0.360916680061468,0.360440779032958,0.361915373971675,0.359846665257357,0.36015748161011,0.359741506362783,0.36235985040672,0.360784714766439,0.358817561770268,0.358323231995052,0.356864429766918,0.355789736922525,0.355729721344051
25,0.0949100474802315,0.0730342584755201,0.0803029169608251,0.0868643569051273,0.0784531758763552,0.0826859138036254,0.076336061864729,0.0856472279965506,0.0778038908177788,0.0890747018867758,0.0774436466055349,0.0867140709585076,0.0803680106454868,0.097273048714617,0.0859859925958429,0.081939809539313,0.0891550325011559,0.0963702554629987,0.0894955952516992,0.0782775781064053,0.088403763351572,0.0989881530309693,0.0998791797390677,0.104685383573452,0.0926326767338165,0.0939551117359058,0.0925250036539787,0.0768943534975378,0.0896600744794277,0.0723888548822236,0.0981221143554832,0.0811112538784142,0.0779699387801833,0.0891528071303868,0.100405117533339,0.102106350439546,0.0820123512773752,0.0993045911493419,0.104589126007261,0.0946886266630919,0.100537213342101,0.104469483340797,0.0843440787484692,0.10039567665814,0.0947798231697778,0.101284852616267,0.12184364295584,0.109918087921898,0.110762587332773,0.111607086743648,0.112451586154523,0.113296085565398,0.100157714446442,0.10890030508258,0.124244288937544,0.127064623259124,0.103783855045773,0.102046800544087,0.110518097514196,0.112516178025255,0.103725092016753,0.112002098062395,0.113229287881899,0.108573565578966,0.116842367487309,0.109609636283228,0.136596315360727,0.268364633743273,0.19076956714615,0.119772540444427,0.125272741736304,0.137178018666658,0.131083081012104,0.138661608695819,0.145364035819567,0.120874926600117,0.12260709954749,0.116072776651001,0.111286114323397,0.112757082136885,0.127292643529132,0.127357111020027,0.127362257321795,0.126865652629692,0.126793687834532,0.127179915037044,0.128104594069443,0.128243868595048,0.127551406886308,0.127422428987832,0.126744602165925,0.127113663394419,0.127040514486101,0.127060882622533,0.126890121246772,0.126318254623614,0.126725270643676,0.126838798971102,0.126713636576764,0.12673949389628,0.12707278047212,0.126901087253096,0.126426088545066,0.12670108221463,0.126590910654485,0.126562895500844,0.127175096084628,0.127006193335527,0.127261470222594,0.127689129913514,0.128593224211651,0.129911706875233,0.130979810594284,0.131535945826903,0.132207085592269,0.133477975250463,0.134404804933659,0.135209595073542,0.136373226181067,0.137773343585047,0.139268871388979,0.140926054163267,0.141863256426516,0.142653236107969,0.144330093662014,0.145090611934684,0.145145177986713,0.144537968125855,0.144981403559776,0.145609327509353,0.145768819592343,0.145852712641384,0.146578499076052,0.1461911196498,0.146641993817157,0.145944416074321,0.145963575164328,0.146436195474955,0.146243106211179,0.146841399625203,0.146002054007763,0.146128162793261,0.145959387460905,0.147021738860606,0.146382652657994,0.145584511655956,0.145383945221675,0.144792059448476,0.144356019940936,0.144331669575695
30,0.0329860170676396,0.0306336479820848,0.0254842552378628,0.040738961796894,0.0407422813242668,0.0340123499895255,0.0273712906747895,0.0317573470314848,0.0377035836699947,0.0340823924021083,0.0294321876305454,0.0392933361956837,0.0354511133298794,0.0333088877810999,0.0372612509422695,0.0389488336736926,0.0420719731965886,0.0451951127194845,0.0367320953898999,0.044129935918364,0.0464811971575922,0.0541964738289484,0.0426459775360665,0.0452051034301023,0.0512211941457667,0.0430023903680286,0.0529294929150247,0.0329948427189112,0.0370783966219813,0.0485597326420022,0.0541123588982844,0.0471219216331813,0.0367486498115969,0.04294675413457,0.0485192832119886,0.0552913408383691,0.0445516612631439,0.0356495572282264,0.0576184561648763,0.0386509285076817,0.0453197176640851,0.0535014697703173,0.0419051300121941,0.0437093463390049,0.0540493505263136,0.0499824012651147,0.0491707610925999,0.0427509495978494,0.0446759436095292,0.046600937621209,0.0485259316328887,0.0504509256445685,0.0509725153072227,0.0615452290501733,0.0608742496536863,0.0610161947937797,0.0516547920689603,0.0425119130244409,0.0592263781330296,0.0506171780754564,0.0507262475035416,0.0662483582183945,0.0732200243822518,0.0482790769283405,0.0542419463939348,0.0696925287577467,0.0659385601387304,0.131241123519735,0.121633250586182,0.0639705747351543,0.0503887831679758,0.070492080857281,0.0636815006681317,0.050891918141802,0.0656225319462042,0.0544949984700985,0.0569067202005523,0.0505478314294816,0.0466228537048179,0.0371455160483148,0.0622232312165931,0.0622547442363613,0.0622572598532579,0.0620145093869051,0.0619793315324386,0.0621681272385983,0.0626201291425496,0.0626882093612411,0.0623497200046137,0.0622866729865284,0.0619553374600203,0.062135742089204,0.0620999854161603,0.0621099417752043,0.0620264701442267,0.0617469301163722,0.0619458878190566,0.06200138277282,0.0619402008507025,0.0619528404339989,0.0621157576858912,0.0620318305509878,0.061799641528764,0.0619340640233403,0.0618802099256457,0.061866515549174,0.0621657716367187,0.0620832085402266,0.0622079930707997,0.0624170418193557,0.0628589814868409,0.0635034826092672,0.0640255934149759,0.064297443619415,0.0646255103767797,0.0652467470709057,0.0656998002566755,0.0660931980333763,0.0666620045680431,0.0673464104106971,0.0680774547959419,0.0688875194161259,0.0693456429298347,0.0697318010534518,0.0705514831058461,0.0709232398940846,0.070949912889301,0.0706530963685529,0.0708698566209092,0.0711767986092106,0.0712547615808481,0.071295770208238,0.0716505493681809,0.0714611904316397,0.0716815868880823,0.0713405967100119,0.0713499620625915,0.0715809884758269,0.0714866025194018,0.0717790604997224,0.0713687713032957,0.0714304158406462,0.0713479150280485,0.0718672139831505,0.0715548156587072,0.0711646681157201,0.0710666271663881,0.0707773013711303,0.0705641563979013,0.0705522534444819
35,0.0339094634942418,0.0295113698736953,0.0193858181886523,0.0319607233107722,0.0315727898277428,0.0255101171755837,0.0203840037236725,0.0245918452281862,0.0284014723471542,0.0275161377242001,0.0202370950346496,0.0232447052692961,0.0230664937951473,0.023725970400048,0.0278524011617517,0.02709674205302,0.0271452673619931,0.0271937926709661,0.0296273094089208,0.0263550394331259,0.0360292018854194,0.0400717428881739,0.0416584561807918,0.0392724994140699,0.0374577240624689,0.0325296121350581,0.0273802190178288,0.0408234830373552,0.0301739242463283,0.036625553940937,0.0362030211695727,0.0296622769508802,0.0324419062010953,0.0249069224091219,0.0256144086890056,0.0347773292638903,0.0387425337094715,0.0260597307582833,0.0253991216739861,0.0307478901607417,0.0350902819505815,0.0301552592780195,0.0368550567905871,0.0403892558144804,0.0331520872367791,0.0519242028436866,0.0510314609568268,0.0339344156140561,0.0332351714540128,0.0325359272939694,0.0318366831339261,0.0311374389738827,0.0373361116417937,0.044742743654372,0.0497717975752446,0.0455168091991082,0.0492997412087076,0.054085876210217,0.0386011095524266,0.0432796949016278,0.0545437226138312,0.0486785992760283,0.0413112033195021,0.0468675346564632,0.0437619824338385,0.0637349322251256,0.0471998064849339,0.121643176924263,0.101302672561512,0.0795628553090042,0.0464806116178498,0.0320178642148303,0.0531955295418079,0.0516144578822599,0.0522614249496197,0.0452936676442303,0.0470118271681375,0.0359392207150467,0.0403475379093046,0.0405638439907493,0.0519595147224902,0.0519858296724307,0.0519879303385423,0.0517852215401765,0.0517558462696976,0.0519135001407993,0.0522909443706111,0.0523477947632418,0.0520651391960973,0.0520124917780774,0.0517358100174058,0.0518864569189376,0.0518565983059547,0.0518649123644537,0.0517952093716343,0.0515617794466875,0.0517279190938846,0.0517742601599255,0.0517231701904582,0.0517337248756061,0.0518697689411864,0.0517996855797735,0.0516057961162604,0.0517180456322274,0.0516730747631916,0.0516616392729096,0.0519115330952417,0.0518425887742247,0.0519467901074997,0.052121356283443,0.0524903980418052,0.0530285887610046,0.0534645774354205,0.053691585972645,0.0539655381473547,0.0544843019036475,0.0548626240064347,0.0551911308546106,0.0556661128016167,0.0562376259609663,0.0568480846394251,0.0575245291720484,0.0579070852526289,0.0582295466278579,0.0589140221980977,0.0592244577369469,0.059246731023958,0.0589988743620947,0.0591798800299674,0.0594361919644052,0.0595012949507562,0.0595355392086797,0.0598317975775214,0.05967367338084,0.059857715461256,0.0595729715829447,0.0595807921214434,0.0597737107482181,0.0596948937469699,0.0599391108092642,0.0595964987795545,0.0596479750559131,0.0595790827450675,0.0600127233833859,0.0597518551349709,0.0594260623947447,0.0593441932913468,0.0591025917604658,0.0589246050317476,0.0589146654694435
40,0.0415572823690014,0.0162101072802105,0.0429076836117273,0.0344959233855313,0.0416442069039027,0.022197198854813,0.0309739829633851,0.0307486759672416,0.033458801140538,0.0458540041402236,0.0394426597515191,0.046889667513701,0.0390608946953277,0.0346410481008597,0.0303731186268903,0.0350381532909,0.0392056571130012,0.0433731609351024,0.0372288233599282,0.0341094879910042,0.0513101173928214,0.0434397315667212,0.0309219813069529,0.0353237809842299,0.0277957135413127,0.037042742401055,0.0366987918304026,0.0449805240203749,0.0323510426504862,0.0374069981382554,0.032011619254765,0.0393965407267238,0.0248476030724857,0.0326939824610186,0.038900097881947,0.041291906749784,0.0184831184272565,0.0302459465205581,0.0345541829645188,0.0422120481497129,0.0441324437522558,0.0388359904235251,0.0436947795215234,0.0275293824306099,0.034647348374906,0.053581195922308,0.046416485681095,0.0379410936450744,0.0437805301458556,0.0496199666466367,0.0554594031474179,0.0612988396481991,0.0590012947896312,0.0527908959528834,0.0459448922052019,0.0487519716548869,0.0502858996213176,0.040136205386651,0.0429494470565816,0.0557178773648259,0.0392163473723617,0.0388485252437469,0.0570258158132106,0.0551610343400557,0.0470298425481347,0.0536168405288446,0.0523578275031745,0.162904001259978,0.0934473660082112,0.0566628122057432,0.0575071283971688,0.0463374597506808,0.0251790803748159,0.0452849566646133,0.0385780895807435,0.0513057981733357,0.0247754226204018,0.043354967311731,0.0539616335243231,0.039423384004605,0.0537677285635864,0.0537949592852958,0.053797133055507,0.0535873699022868,0.0535569723595456,0.0537201126543244,0.0541106921084398,0.0541695209196023,0.0538770288150786,0.0538225492438818,0.0535362388369095,0.0536921283165124,0.0536612306107365,0.0536698340021081,0.0535977053146483,0.0533561519262036,0.0535280733057979,0.0535760270612082,0.053523159138455,0.053534081131263,0.0536748595898355,0.0536023372967888,0.0534017003951319,0.0535178562433562,0.0534713203684062,0.0534594869180601,0.053718077154721,0.0536467335411741,0.0537545611264281,0.053935202281655,0.0543170868546389,0.0548740068462883,0.0553251681172892,0.05556007665091,0.055843562481135,0.0563803794430707,0.056771867320525,0.0571118063507168,0.057603317877251,0.0581947199445441,0.0588264228520475,0.0595264079503045,0.0599222771498315,0.0602559603219733,0.0609642559414691,0.0612854947728646,0.0613085431800067,0.0610520609978901,0.0612393657421826,0.0615045974440578,0.061571966042812,0.0616074020158907,0.061913970305561,0.0617503433176665,0.0619407901429869,0.0616461370531543,0.0616542297498136,0.0618538620291889,0.0617723021618202,0.0620250180847107,0.0616704830064976,0.0617237506797908,0.0616524608863922,0.0621011924086123,0.0618312458310404,0.0614941153609421,0.0614093971769338,0.0611593878070939,0.0609752070623592,0.0609649215989391
45,0.0648710690738376,0.0329263471729526,0.0351353181201936,0.0401236076678655,0.0544286100149322,0.0487416570732714,0.0435384679399159,0.0472461701704357,0.0408236869278236,0.0401638546541977,0.0514394321073777,0.0483080524994792,0.0462191145987061,0.0481622793682825,0.0459100819006579,0.0581406561779083,0.0478043677052148,0.0374680792325212,0.0557556744198846,0.052167209803413,0.0373573934891672,0.0430438135084206,0.0524194757624008,0.0519614828090226,0.0533871640427506,0.0589998866332394,0.0647885004670337,0.0500298831378566,0.0550231090791263,0.0370299534012077,0.0486379634270291,0.0471454230964309,0.0563202091789493,0.0428654593210612,0.0575185149905937,0.0421071293676916,0.0484997265488612,0.0556502325695036,0.0604267639273458,0.045132590549547,0.0452214830196101,0.0543358591737573,0.0477880610011532,0.047533878969173,0.0586555379704866,0.0563436745478566,0.0544822088950103,0.0424319038639491,0.0426499435646684,0.0428679832653878,0.0430860229661071,0.0433040626668265,0.0470818660286403,0.0567216454918205,0.0680732853057293,0.0517798175029989,0.0449811151055065,0.0475631921256401,0.0517661895753769,0.0617546316299069,0.0653666499591896,0.0602803708337343,0.0559753088876067,0.0569311235228719,0.0623402701715955,0.0527752006351951,0.0784677986653867,0.203503479997045,0.105072050251299,0.0600800768702075,0.0629852750741691,0.0503509664124647,0.0543534155383381,0.0384096773415013,0.0776199392903776,0.0480795353584304,0.0496570368023574,0.0551733301177269,0.0405419864830929,0.0512559110728981,0.062970578658558,0.0630024701732108,0.0630050160045436,0.0627593499239336,0.0627237495571829,0.0629148128406654,0.0633722436247965,0.0634411415377205,0.063098586671317,0.0630347824114947,0.062699467298049,0.0628820387214589,0.062845852584088,0.0628559285264342,0.0627714543388766,0.0624885568266764,0.0626899041598453,0.0627460656494174,0.0626841488867573,0.0626969402808815,0.0628618142905486,0.0627768791281231,0.0625419013424677,0.0626779383515188,0.0626234374259214,0.0626095785697687,0.0629124289462493,0.0628288742053543,0.062955157491262,0.063166717071294,0.06361396476399,0.0642662068258656,0.0647945885719843,0.0650697039002511,0.0654017109841966,0.0660304091946267,0.0664889038872555,0.0668870266648337,0.0674626649904626,0.0681552910580353,0.0688951158319002,0.0697149099326959,0.0701785358516862,0.0705693320225444,0.0713988590680885,0.0717750809327829,0.0718020742905771,0.0715016927819108,0.0717210564866587,0.0720316850772998,0.0721105844424077,0.0721520856140159,0.0725111259364292,0.0723194926577481,0.0725425362401068,0.0721974505155285,0.0722069283529816,0.0724407295658471,0.0723452099636484,0.0726411805825639,0.0722259635067034,0.0722883484409507,0.0722048567320262,0.0727303928551138,0.072414242393662,0.0720194088875299,0.0719201903932318,0.0716273895792591,0.0714116845758389,0.0713996386590661
50,0.0740609092361725,0.0717038897550921,0.0771646115744099,0.0731259503704423,0.07319864275885,0.0792019003357283,0.0637552371179487,0.0821651593088124,0.0597417383732583,0.0641087235285375,0.0712014253817181,0.071010642206629,0.065263756334118,0.083419955073213,0.0897618685471591,0.0700285011335489,0.0783113111006764,0.0865941210678039,0.0730200656072935,0.067946208847637,0.0651391044150674,0.0706243481558737,0.0738690187988127,0.0880612525547974,0.0743027037395482,0.0557429260740641,0.0792003558028943,0.0737987908757858,0.0718918020065407,0.0645210548370372,0.0745852923508546,0.0727940214547357,0.0687845206210471,0.0601020427541415,0.0699111968099061,0.0709388342724115,0.0736128704439244,0.0760089579886016,0.086134486727912,0.0664066202107973,0.0682543958844192,0.0709024624888184,0.0773805143984749,0.0827521780076491,0.0823312272119936,0.0672858777823626,0.0650317525070172,0.0751436418141965,0.0719572812696761,0.0687709207251557,0.0655845601806352,0.0623981996361148,0.0803829166026702,0.106625160643771,0.0639178888935852,0.0724128483690347,0.0895181722569563,0.0711407308988883,0.105053706488063,0.0719733915961141,0.0744555990891035,0.0618988796746724,0.0929149026723115,0.084494708651775,0.0718279675838116,0.0716144166037777,0.0817721113606758,0.211100086274294,0.148804976366606,0.0960044885800043,0.0712885015634825,0.110908029918955,0.100222821004661,0.113362393313041,0.108354596466511,0.0684815715655982,0.0781853516803509,0.0779955731008831,0.0898397581964768,0.100030708993897,0.0921362889751258,0.0921829514939163,0.0921866764628836,0.0918272266773385,0.0917751374993694,0.0920546944333295,0.0927239907271011,0.0928247996786809,0.0923235857017232,0.0922302296004126,0.0917396085699521,0.0920067405192567,0.0919537942627552,0.0919685370196979,0.0918449374225281,0.0914310119435238,0.0917256161296123,0.0918077896039985,0.0917171952207423,0.0917359111291957,0.0919771488583508,0.0918528747793112,0.0915090637230515,0.0917081081886455,0.0916283643918245,0.0916080866112712,0.0920512064046424,0.0919289521088055,0.0921137252770212,0.0924232716559259,0.0930776684160563,0.0940320055743751,0.0948051147673769,0.095207653634363,0.0956934344748736,0.0966133231153834,0.0972841760818563,0.0978666950306089,0.0987089483534325,0.0997223739384127,0.100804858975201,0.102004352258891,0.102682713051477,0.103254511972427,0.104468246151294,0.105018720470932,0.105058216182534,0.104618708747874,0.104939673841762,0.105394174438722,0.105509617155915,0.105570340179612,0.106095675083694,0.105815284153232,0.106141633511869,0.105636716474131,0.105650584105477,0.105992673642689,0.105852912791535,0.106285966370738,0.105678435658716,0.105769715053823,0.105647552984101,0.10641649856369,0.105953918563689,0.105376212358776,0.105231039421555,0.104802623787095,0.10448701197358,0.104469386820812
55,0.145995808568386,0.10713906885769,0.125730184362231,0.0923293790638805,0.110951557841952,0.132364878755958,0.126579364518441,0.122913589775941,0.122782608695652,0.141023126549212,0.129999261227915,0.120984118764938,0.120634574476225,0.134065673601109,0.127418046407908,0.11656702720176,0.122731226801715,0.128895426401669,0.126971459260108,0.105838155612519,0.110774673222209,0.104633039178135,0.112735911507428,0.129938418544882,0.134275270323513,0.129815713940825,0.127459933565486,0.139471304104182,0.14548387342505,0.131123873079021,0.116006835977496,0.12363966592726,0.11441598574665,0.102446132687144,0.126080767462599,0.123824019195301,0.112790002489565,0.11787309068828,0.0943559212377438,0.109737156076765,0.138555403971502,0.133049724501407,0.12225002364554,0.140291237941708,0.149972660027892,0.143680080300981,0.150593224794518,0.130135417461981,0.133560911528501,0.136986405595021,0.140411899661541,0.14383739372806,0.131175346137214,0.132850554617796,0.142555773941903,0.134504615789659,0.143959689894321,0.129828712056139,0.135712574454551,0.131345678778344,0.132285209039531,0.14687097762795,0.149116302815189,0.131268222371098,0.129303992830827,0.155148677452042,0.150288496213487,0.283352005103956,0.23251658733314,0.177026198866248,0.153251341947828,0.149699856202627,0.145187743178413,0.145860626942512,0.180580812852978,0.173782281596168,0.13095420160035,0.12601532007145,0.121304463818234,0.140215562893278,0.153030503267463,0.153108005724027,0.153114192579196,0.15251717719912,0.152430661525349,0.152894981705505,0.154006625660457,0.154174060715263,0.153341587126499,0.153186530619171,0.152371651009408,0.152815334351723,0.152727395143744,0.152751881603309,0.152546593233559,0.151859098381402,0.152348410761609,0.152484893881131,0.152334424351513,0.152365509876245,0.152766185131461,0.152559776504957,0.151988735717949,0.152319331567654,0.15218688393496,0.152153204274126,0.152889188387895,0.152686134448708,0.1529930268929,0.153507156978617,0.154594054081303,0.156179126556534,0.157463194866662,0.158131777529203,0.158938617997035,0.160466474427689,0.161580703882986,0.162548218082679,0.163947128884319,0.165630342187337,0.167428257338922,0.16942051319067,0.170547212503624,0.171496921653125,0.173512830414928,0.174427121223761,0.174492720225964,0.173762735931351,0.174295831526965,0.175050718183047,0.175242458672132,0.175343314425925,0.176215850813595,0.175750145436511,0.176292183835809,0.175453559779502,0.175476592730226,0.176044774221194,0.175812643389498,0.176531908381656,0.175522851780339,0.175674459056111,0.17547155829662,0.176748711200636,0.17598040534646,0.175020884703052,0.174779764858843,0.174068203096606,0.173543998842272,0.173514724969531
60,0.231201421943725,0.225967332304168,0.254450160914657,0.303127087891214,0.242852125043906,0.217629875768187,0.279144449041942,0.254057317120098,0.244220065905529,0.275513439821126,0.259855477855478,0.216902595618577,0.214194447959232,0.24935024383076,0.249461085318956,0.245920497424124,0.244682004653217,0.243443511882309,0.271077758399577,0.232536795948197,0.264121646065014,0.236791679989544,0.239626227069793,0.259397911335898,0.25018144019029,0.211911844389645,0.258005975994733,0.264656895403065,0.226229136006681,0.241215768372725,0.265202570573439,0.277285286788243,0.245683271843751,0.23247808133038,0.272844059421528,0.251317012087399,0.227289580321631,0.235311362891683,0.242921924969063,0.220091676587956,0.235130232195788,0.272562275177688,0.271781784307256,0.284122546162282,0.260540236180962,0.267471254994699,0.277469465289334,0.272856349157355,0.261063627146781,0.249270905136208,0.237478183125634,0.225685461115061,0.214498902984469,0.248140299204396,0.233852824622821,0.232487521933214,0.229554531167417,0.260488742495418,0.226432660149215,0.255527800105324,0.254422387500669,0.250894015576537,0.225793606414597,0.239644245478567,0.245859039642771,0.240425457692608,0.243300357930606,0.387786670887125,0.301468586711337,0.2726605083678,0.271150382498572,0.271438151744897,0.231050048022161,0.260917996932386,0.28889931940859,0.196226322061059,0.25093300922285,0.233979621108862,0.206228203709985,0.238149900519622,0.252892632704474,0.253020710439716,0.253030934611097,0.252044328751422,0.251901356101899,0.252668674710086,0.254505736997639,0.25478243406726,0.253406718552873,0.253150477819693,0.251803837473816,0.252537052395868,0.252391727265592,0.252432192696293,0.252092940617908,0.250956811680078,0.251765431487262,0.251990978516637,0.251742318055653,0.251793688860956,0.252455830185642,0.252114726811773,0.251171045617994,0.251717376271086,0.251498498140176,0.251442840360092,0.252659100884535,0.252323541344667,0.252830700613647,0.253680333256508,0.255476499797873,0.258095932804559,0.260217937297696,0.261322812640196,0.262656167793096,0.265181047649678,0.267022382640875,0.268621261347505,0.270933050356833,0.273714667318906,0.276685836375763,0.279978165791219,0.281840108014733,0.283409562744299,0.286740980096912,0.288251903767463,0.288360310287834,0.287153964845874,0.288034939199219,0.289282437376208,0.28959930072074,0.289765971263903,0.291207893099726,0.290438285365577,0.29133403827038,0.289948158717477,0.289986222132439,0.290925178157786,0.290541567205028,0.291730198318402,0.290062668152806,0.290313208811618,0.289977902410935,0.292088478755955,0.290818804501239,0.28923313565441,0.288834669787166,0.287658768750826,0.286792487904047,0.286744110968804
65,0.623162829725032,0.574569243872079,0.552082406618965,0.511054538920004,0.542592060056606,0.544649625998181,0.53533405267936,0.487976455387266,0.520661458491656,0.474733226831821,0.480173890133052,0.532838190757611,0.519429271698192,0.495946260453164,0.537336336715734,0.536124914897272,0.521229815272882,0.506334715648491,0.581152746013249,0.525441614910588,0.562216231138365,0.544723455114384,0.540704795184499,0.581791572174463,0.583540962135669,0.609605535867622,0.551149143848408,0.541953691372441,0.602020048023783,0.558593108653514,0.555834084761046,0.56962885882761,0.520162222184645,0.561262559251994,0.598291609028181,0.587993957971383,0.581763432619413,0.552621887099666,0.639744804903943,0.606871634818092,0.536623985407678,0.538239076784038,0.571618720683916,0.610782302818859,0.534601742807461,0.5333830953738,0.582661358919397,0.62801856765203,0.6250466337455,0.622074699838969,0.619102765932439,0.616130832025908,0.632363283665142,0.624614044530055,0.593934522177852,0.649520870586218,0.609717953705505,0.569605082497498,0.55423493748434,0.607075042268175,0.628126980127395,0.619385665273905,0.573754207618319,0.558513332678103,0.586212572331507,0.6211362053049,0.622922385285409,0.700809608981839,0.55853063756208,0.636184699844262,0.639133804248399,0.602617222641284,0.609754205103793,0.590871335364699,0.590284470212758,0.528102937556087,0.587602819368083,0.591480035018658,0.595729085516421,0.611158900632809,0.611783471681937,0.612093310053557,0.612118043787377,0.609731303013007,0.609385431712031,0.611241685241376,0.615685801829336,0.616355171640733,0.613027118923508,0.612407235917607,0.609149520194149,0.610923272025925,0.610571709737327,0.610669601405473,0.609848902075208,0.607100443575526,0.609056610616136,0.609602241159751,0.609000695917156,0.609124969247204,0.610726783875131,0.609901605996136,0.607618706131806,0.608940358170701,0.608410860646903,0.60827621651132,0.611218524787191,0.610406758236063,0.611633649090709,0.613689032050446,0.618034215975513,0.624370999303405,0.629504431866675,0.632177283446341,0.635402860386654,0.641510906112304,0.645965358981876,0.649833275399527,0.655425823868804,0.662154953396018,0.669342636568592,0.67730725261204,0.681811557325827,0.685608292931895,0.693667468289465,0.697322608887004,0.697584859774569,0.694666537502237,0.696797740545158,0.699815617173171,0.700582154952043,0.700985354849299,0.704473570133311,0.702611778880653,0.704778733354609,0.701426092373571,0.701518173221875,0.703789642227518,0.702861632431647,0.705737101207912,0.701703107085848,0.702309200796078,0.701498046624866,0.706603832862279,0.703532309128479,0.699696349252239,0.69873240329224,0.695887730394206,0.693792073046556,0.693675042316653
