Period,"Gini per capita, all income","Gini per capita, labour income","Gini per capita, labour and pension income","Gini per capita, labour and family benefits income","Decile ratio, all income","Decile ratio, labour income","Decile ratio, labour and pension income","Decile ratio, labour and familiy benefits income","Top 10%, share of all income","Top 10%, share of labour income","Top 10%, share of labour and pension income","Top 10%, share of labour and familiy benefits income","Bottom 10%, share of all income","Bottom 10%, share of labour income","Bottom 10%, share of labour and pension income","Bottom 10%, share of labour and familiy benefits income","Gini per capita, labour and IFE income","Decile ratio, labour and IFE income","Top 10%, share of labour and IFE income","Bottom 10%, share of labour and IFE income","Gini per capita, measure IFE impact","Decile ratio,  measure IFE impact"
49,0.42621844563256439,0.49945363944878279,0.44125279788149974,0.48178822483395417,8.674276906000944,15.791278570318962,10.94263083902032,11.511194980639079,0.21837935955359147,0.24071198452872278,0.22715886744922084,0.2284926320278452,0.039938465529875906,0.03268417217385216,0.028953340193185198,0.04692158144144691,0.49945363944878279,15.791278570318962,0.24071198452872278,0.03268417217385216,0.49945363944878279,15.791278570318962
50,0.42298553803401628,0.47682727339585373,0.43408573216464835,0.46950557457006947,8.686556131091766,13.378150142984511,10.538904986868555,11.175785857696107,0.22040587040430842,0.23474060276728295,0.22699141266544,0.2256123301789188,0.04224527990708661,0.033633717265772564,0.030352168441488768,0.04944453591208117,0.47682727339585373,13.378150142984511,0.23474060276728295,0.033633717265772564,0.47682727339585373,13.378150142984511
51,0.42488802439514883,0.47787937493162314,0.43719432092924831,0.46877388104485551,8.910362385707046,13.606010412681892,10.787858383910772,10.648356349097007,0.2239480266789829,0.2468188914637748,0.23180552595505274,0.23587428803961874,0.04339293812925769,0.031137059604603633,0.030704292041287926,0.04771591395963535,0.47787937493162314,13.606010412681892,0.2468188914637748,0.031137059604603633,0.47787937493162314,13.606010412681892
52,0.42805757345062823,0.48293265058160451,0.43924785765958674,0.473163790772057,9.060032915143186,13.463014028370084,10.885434988310953,11.075089616371995,0.22757298913804702,0.2509204709397827,0.23460606314354474,0.24090712299933725,0.0419084935530389,0.032312509980656406,0.029839504763840688,0.04827993474103484,0.48293265058160451,13.463014028370084,0.2509204709397827,0.032312509980656406,0.48293265058160451,13.463014028370084
53,0.42577397761308355,0.48388062487355432,0.43840613232029862,0.47252507967871799,8.672733295158455,13.963455587866163,10.457181837250035,10.743503187743508,0.22527257083557473,0.2517447211723297,0.23334315649751014,0.24037511397365605,0.04601828940614588,0.03396722532461272,0.032116601529535306,0.052036573736447586,0.48388062487355432,13.963455587866163,0.2517447211723297,0.03396722532461272,0.48388062487355432,13.963455587866163
54,0.4242909256325747,0.48612564359417271,0.43674050079156151,0.47614852250112555,8.645842692032987,13.94699353324973,10.637242659247885,10.840589385644945,0.22481142458142372,0.25010043563397444,0.23283303153080898,0.23866764117687292,0.04488526989358387,0.032908506800789376,0.03077330854545986,0.05153543101513903,0.48612564359417271,13.94699353324973,0.25010043563397444,0.032908506800789376,0.48612564359417271,13.94699353324973
55,0.42956289289187838,0.4850408149817611,0.44123626273570971,0.47555126875643416,9.208248035439745,13.721644503531124,11.001192410430342,10.899903890996946,0.22867369395144094,0.25258262654326663,0.23620999764857128,0.2420766220302732,0.04661768621366381,0.033656007896074584,0.03334579374241321,0.05094562290351819,0.4850408149817611,13.721644503531124,0.25258262654326663,0.033656007896074584,0.4850408149817611,13.721644503531124
56,0.42211890827898457,0.48358249832531192,0.43750937159044817,0.4670715028904977,8.743809461385826,13.536234649579358,10.776558234493493,10.46658374191411,0.22259405038538108,0.24751776156971178,0.23316410707092397,0.23274142948300644,0.04400297953954228,0.032070168463819104,0.0305459007907096,0.04970059884995925,0.48358249832531192,13.536234649579358,0.24751776156971178,0.032070168463819104,0.48358249832531192,13.536234649579358
57,0.42095869545919307,0.48733649726071598,0.43855663793882016,0.46662472980026765,8.433741717053955,13.733457336986625,10.373242950642675,10.328114547614277,0.225032232691783,0.25577107006738187,0.23716943892448056,0.23868621684490454,0.047695172936432786,0.03427150976023427,0.03307790079142866,0.05327131473551748,0.48733649726071598,13.733457336986625,0.25577107006738187,0.03427150976023427,0.48733649726071598,13.733457336986625
58,0.4188906798077246,0.48414814172812065,0.43467596034959632,0.46607216273796037,8.539462228496879,13.649133715920922,10.548651954606928,10.39858309138327,0.2242129007180212,0.2510726207619187,0.23466552437431082,0.23618621499705666,0.04554848615376545,0.03462153248118965,0.03216228565954169,0.05229432038147073,0.48414814172812065,13.649133715920922,0.2510726207619187,0.03462153248118965,0.48414814172812065,13.649133715920922
59,0.41722914368555675,0.4801824893196957,0.43097451486681593,0.46606834420486359,8.378037811958365,13.01660104896621,9.915171713836367,10.349814868195768,0.2209923566935448,0.24616940434310305,0.23031302587060618,0.23312330356652297,0.04617473942097865,0.035783698576399826,0.03280745362030391,0.05313112333609441,0.4801824893196957,13.01660104896621,0.24616940434310305,0.035783698576399826,0.4801824893196957,13.01660104896621
60,0.41209371358252334,0.47790237053576667,0.42741400845530725,0.46012660973806047,8.492706140893143,13.124105836802872,10.185199723235716,10.11747533831242,0.21935361815580742,0.24391946042929746,0.2292645652287765,0.22988510436456644,0.0463919351235062,0.03535326915998756,0.03266959077120291,0.05346283383728015,0.47790237053576667,13.124105836802872,0.24391946042929746,0.03535326915998756,0.47790237053576667,13.124105836802872
61,0.41457584798254093,0.48201531667399355,0.43107159776683557,0.46149741352801754,8.181775070496991,13.452533127559747,10.011110739279609,9.911781812333329,0.22089924148148382,0.24665127051063443,0.23250969866584395,0.23048936785335544,0.04627439283268351,0.03278529325282125,0.03009826143019962,0.05383594478481675,0.48201531667399355,13.452533127559747,0.24665127051063443,0.03278529325282125,0.48201531667399355,13.452533127559747
62,0.41301225464503077,0.48088767855661313,0.42683468780932138,0.46409563845529667,8.286658579892878,13.41188345613338,9.925337711944769,10.282367481084169,0.21284858105500049,0.23624354408069245,0.2224721623782989,0.22268551065062733,0.046615314155764156,0.03529122244609464,0.032021784476640766,0.0544639181105728,0.48088767855661313,13.41188345613338,0.23624354408069245,0.03529122244609464,0.48088767855661313,13.41188345613338
63,0.41667823438235013,0.48228615969703087,0.43059620205040589,0.46572621381884144,7.945353493721595,12.692402412982545,9.307444316784421,9.942876762894107,0.21600964009603,0.23908230895942081,0.22536427082526714,0.22597178334280218,0.04918438923974785,0.03862389027658894,0.035068922174209836,0.05707688354658367,0.48228615969703087,12.692402412982545,0.23908230895942081,0.03862389027658894,0.48228615969703087,12.692402412982545
64,0.4209266002839776,0.4885227852485941,0.43486556796093073,0.47138049903948182,8.077439723225593,12.925931921136598,9.556086100376668,10.094307247000412,0.22017377338015648,0.245019577883323,0.22965989246542542,0.23175930699169559,0.048377710764339214,0.03767172910563323,0.03451502317213351,0.05566443728269811,0.4885227852485941,12.925931921136598,0.245019577883323,0.03767172910563323,0.4885227852485941,12.925931921136598
65,0.41837879411483425,0.48902684800839025,0.4348719339932553,0.46886027792027868,7.749199539435836,13.093243093136369,9.70405238523667,9.772479029012349,0.21961436703301696,0.2464739314837562,0.23112177128181752,0.23040293590820912,0.05155913082021674,0.03779187695647807,0.03424611325071623,0.060234127756779804,0.48902684800839025,13.093243093136369,0.2464739314837562,0.03779187695647807,0.48902684800839025,13.093243093136369
66,0.42104742506002119,0.4920068451411076,0.43701366670671216,0.47213561003510474,7.94112486839239,13.582482519808645,10.280073664842435,10.138433155076026,0.22045027375606716,0.24637417307408743,0.2313002225236231,0.2311591078208276,0.053156477570697615,0.03902419895465078,0.03543205344300405,0.06213724803988438,0.4920068451411076,13.582482519808645,0.24637417307408743,0.03902419895465078,0.4920068451411076,13.582482519808645
67,0.41590263877577632,0.48237102540834825,0.43095016402285286,0.46332636473001515,7.819804107532625,12.602334068254986,9.781710299611461,9.60422459337684,0.21322239479876987,0.23474536111656977,0.22339033995382884,0.2204788628835642,0.05086128220209652,0.036893410836501675,0.03437716592977557,0.05875076703966052,0.48237102540834825,12.602334068254986,0.23474536111656977,0.036893410836501675,0.48237102540834825,12.602334068254986
68,0.41764262458457507,0.49117125436115844,0.43531697189244423,0.46761687919455558,7.586264096571396,13.053162337977021,9.571551069017309,9.420501503695952,0.2197157997007001,0.244589682443401,0.23097755045948987,0.2286368685735355,0.053576962803574685,0.039379695559320076,0.03641653196549782,0.062142666999763306,0.49117125436115844,13.053162337977021,0.244589682443401,0.039379695559320076,0.49117125436115844,13.053162337977021
69,0.39733006920597125,0.49024313906207789,0.41639742107287608,0.46482327847584809,7.358295856505156,13.241991878688914,9.59816371194439,9.293698004714754,0.2080304446456602,0.23939163999953958,0.21958359972102406,0.22219124635447365,0.056828778310008064,0.04402953129473198,0.03839384173837074,0.06880063563712782,0.49024313906207789,13.241991878688914,0.23939163999953958,0.04402953129473198,0.49024313906207789,13.241991878688914
70,0.48057027124757384,0.49475214744201046,0.42444289951464598,0.48264467416969065,11.697632272424313,13.946304005227079,10.158136788271507,12.074202808859217,0.24485548384927344,0.29300295119736114,0.2676399691138277,0.27505801532124446,0.03631042077761927,0.00510636868235937,0.006484515426162781,0.01184434368899223,0.56947840549653317,23.274920148586187,0.27424153521054245,0.04238843639491499,0.64985694117420323,23.274920148586187
71,0.44758606267766621,0.49998200894703837,0.43287297774204908,0.48203011140043289,8.160339294877081,14.656108366727459,10.828155979190274,11.295917174330707,0.23360310989230637,0.2820836642542389,0.25906218396951197,0.26486014835246907,0.05604506106179632,0.017951932355626986,0.01817377153147943,0.031567963382992184,0.52439884316131957,16.341879652385465,0.2585416004055306,0.05982308117228825,0.61845397798841395,16.341879652385465
72,0.4483219844535784,0.49627513371604071,0.43119997297868945,0.48000179056890696,8.839574286092638,14.81687811842666,10.978046194518354,11.400259645372342,0.23060176122168763,0.27288647123243914,0.2544293935017228,0.25609181846427426,0.05110938927496456,0.01801188419143724,0.0170456369198602,0.03038831164011549,0.52469854555678608,17.346798727674866,0.2522365206998579,0.05526340957821596,0.61201873724739142,17.346798727674866
73,0.43976591219465844,0.49645487394060517,0.43281479821147878,0.47484083737835958,8.17754403468231,14.339784374950801,10.612001908376726,10.719924381240615,0.22325547592508158,0.27067341899268804,0.24893954683163125,0.2510233281042851,0.05062607069772363,0.017490415579678856,0.01699537948264304,0.03002430981776995,0.51646983646336109,14.874344900357032,0.24983154179857422,0.05359319805779634,0.60685602679060813,14.874344900357032
74,0.4304157028904248,0.48919225006166117,0.42406055207432464,0.47354658329992994,7.998661647764238,13.53507724961031,10.389083635900212,10.691450946392175,0.22019913826120777,0.264011415172319,0.24291911321456927,0.24887343424509795,0.05195040552149162,0.01910950319906394,0.0199138668899856,0.02993919909291483,0.50414229446438585,12.640868388132978,0.24365633735161346,0.05425180847215304,0.59415057318627662,12.640868388132978
75,0.42866866349648158,0.49129550890546053,0.42346913231930405,0.47226156444644241,8.047256196925165,13.729966815055231,9.650120988764579,10.642932346243645,0.22038874682851134,0.2643769673243205,0.24305515588513896,0.2489132718809264,0.04992956254308063,0.019540826452953974,0.01812272337381104,0.03028798186911738,0.50438786922720169,13.135830896440128,0.24417083095620087,0.054444333282554526,0.5923864120384732,13.135830896440128
76,0.43022735260155159,0.49039252411774076,0.42208757669902208,0.47109790414564862,8.165921193638853,14.437662335599919,9.634749970070525,10.905991345660173,0.22610898353114744,0.26976210193750966,0.24928257373636692,0.25368870673078486,0.04883711471491294,0.017772955048777628,0.01699794142869886,0.02778612471260085,0.5068721874233596,13.785682312799413,0.24923893449809312,0.053936291206475036,0.59628960828319799,13.785682312799413
77,0.42150679508358763,0.48440192136988108,0.41712830853405963,0.46030980848928899,8.217726010834705,13.125799414450086,9.611504207555623,9.736444550569791,0.2203582951097203,0.2610289042352934,0.24553754658013305,0.2416830715560603,0.04391483635504445,0.0138379797761722,0.01433125280737379,0.022932030304797,0.49943307936318365,12.596102066252692,0.24092851386748163,0.04837491470864494,0.5900840424016851,12.596102066252692
78,0.42666891805359752,0.48654049306583119,0.41673210272562544,0.46961987115011716,8.090941963521635,13.235412187633843,9.48987476917487,10.21161216204,0.2207102549297173,0.2580090537921865,0.2435916300848781,0.2422216369018321,0.0490445479541498,0.01799016654525047,0.017003981261759636,0.029227498548276623,0.50372753606635434,12.2319691792129,0.23796393394611762,0.053818684692493984,0.595867115769669,12.2319691792129
79,0.42587434063066432,0.48851407792759316,0.41624496810447914,0.46996500848721523,8.254131663390718,13.922416577075758,9.32702150413448,10.359404135231106,0.2212593746173508,0.2611318242105746,0.24475743985994866,0.24456507976366298,0.04773063603022753,0.01553237485046353,0.016053906974429877,0.026583049763939718,0.50481335868143107,12.468950678055581,0.2404570354492066,0.05144452428865028,0.5969767778468692,12.468950678055581
80,0.42786323940371263,0.49101613086800916,0.41558084505968951,0.47170079010746185,8.028768089213953,13.152184473739286,9.457173174850011,10.192301257845854,0.22548224058963337,0.26800151252741433,0.2490634676204464,0.25139020009690116,0.05009819543358301,0.01983948992399105,0.0180536891918629,0.030562947928917825,0.50898248717333872,12.29667399895021,0.2467604283609558,0.05647772548296536,0.6038523359260235,12.29667399895021
81,0.4242160178759789,0.4881971863881352,0.41209114376375516,0.46306829695231999,8.198592724198308,12.713510781065658,9.165438370809062,9.581843489878537,0.226793286397133,0.27201055529696583,0.2526346313488909,0.25182505556519924,0.039099214772392116,0.009592028822336254,0.010049827490042991,0.016337956320929947,0.50853556629736407,12.1051248833705,0.25029503047646434,0.046576038314462505,0.60543377406520449,12.1051248833705
82,0.43187397888981049,0.49282678579643202,0.41569475229548136,0.47494514036263868,8.38651737409041,13.794711815176083,9.545015142870309,10.546209719935042,0.22830519809370764,0.2718022491829341,0.251897702029584,0.2552176220907949,0.044754123896283506,0.015026819753967831,0.013668150491296592,0.02379957729598368,0.51403354078186803,13.61428871986022,0.24998618314703935,0.052712313776312754,0.61002165916168316,13.61428871986022
83,0.43422431755033158,0.49289847304353684,0.41561972857197688,0.47632184233642233,8.550917990268116,13.561227841622566,9.708308608670345,10.943622223931893,0.2256860135277081,0.2683947759928023,0.24844673687833924,0.2525720220247295,0.04487739692627081,0.015011232519595274,0.013933564105137443,0.023083145304909992,0.5177519250178797,14.72281419350301,0.24700700640132572,0.053359980472192564,0.61362122531530883,14.72281419350301
84,0.42759065398403956,0.49221452623212397,0.41322144210374934,0.47151162482867143,8.386986621790264,13.287409283347406,9.780034011491804,10.531337977491615,0.22508394717880928,0.267242103080501,0.24845114721317846,0.25037009545269195,0.04309660875101766,0.012809239591710077,0.012186869380388272,0.022199266501646844,0.51246736072185262,12.574715485729799,0.2456313803297427,0.050429872441975374,0.60903022833513598,12.574715485729799
85,0.42818505160830522,0.49304400873188753,0.41535846264316201,0.46924903499654247,8.436470662799854,12.577736263092804,9.691830470156143,10.007966543219773,0.22276916153202345,0.2655835357791828,0.24825683796243136,0.24509276754234885,0.041069238483233815,0.01360359674925252,0.012090368224400065,0.02052277057052295,0.51507906538867931,12.166209900419178,0.24382047806569668,0.05127532585176051,0.61298698895658665,12.166209900419178
86,0.42786318451269006,0.49203977126082132,0.41378609202352212,0.47190537241757463,8.46027249894431,13.246956785457146,9.867179263441619,10.865539881908978,0.22766455391956592,0.253731795852201,0.2516285608845553,0.23735366151572984,0.042202290487059264,0.011950712820274169,0.010687537127279488,0.02147262405597581,0.51165980459557137,12.010623580150087,0.23245108897418437,0.051112026251644134,0.61234599734586337,12.010623580150087
87,0.43441687314927296,0.4953771812637961,0.41901812225304008,0.47703349715362436,8.596492343337559,13.602590582600785,10.36381468688476,11.104138188713813,0.23231813339235077,0.27277725139595066,0.2570789919519551,0.25487267868641655,0.04477758733833405,0.013037451400630458,0.011891356941956277,0.0237534530897151,0.51740900164302617,13.19074763960712,0.24951503319152588,0.05343403286736881,0.6172666867508535,13.19074763960712
88,0.4334320644723399,0.50097203927649669,0.41911452765497847,0.48402143307403422,8.723879056786313,13.991355209355486,10.24565027767048,11.632576028646639,0.22888609564818177,0.26795487898101095,0.2537344770827928,0.2501663590804653,0.04957518894947718,0.016346768419232865,0.01445666238441022,0.030812960722934598,0.52121216114649449,15.270221625334202,0.24406358174194748,0.05713829185245123,0.62211469783582707,15.270221625334202
89,0.43342020668719433,0.50014997112283499,0.42308811758518394,0.47423291183434041,8.927552775323957,13.925343980217201,10.26419029575667,10.492337181078193,0.23051370688978645,0.27015338463884137,0.25829071124034086,0.24781909468936422,0.03849328400874888,0.010220400312928613,0.008945220234718979,0.01773689685874665,0.51820384260260377,12.216182590386454,0.2459805055719499,0.04967245301712266,0.6207976530380922,12.216182590386454
90,0.43563604521408728,0.5050380890985855,0.42269401847861637,0.48512686383904419,8.94544153803492,14.593503841894325,10.302294736819164,10.825796477877413,0.23392488049581123,0.2729489657736632,0.25998682839659143,0.25349796598584257,0.043970338357704995,0.01382002555753746,0.011843400435043953,0.024454787839475606,0.52169644954721561,12.535157292600152,0.24825265041636327,0.05445291102345574,0.62619831803213655,12.535157292600152
91,0.43390612611019841,0.50180120511001969,0.41817436101523869,0.48050551162825667,8.928245275740208,13.347866096471009,9.856103752108568,10.423581490112225,0.23174832058013334,0.2597973419076353,0.257266823356678,0.24175459547189182,0.04266848009082702,0.012863007223202395,0.010615362700916765,0.022212935406223763,0.51816368054231654,11.466248375571986,0.23610681198284605,0.05475873685726906,0.62555002535365822,11.466248375571986
92,0.42909974752161223,0.50423404929134974,0.41753918795722406,0.48354657277178148,8.989190566579747,13.39353831028766,9.856683148981423,10.732252424118604,0.23278717999055315,0.2658972423939519,0.2580496572532794,0.24767470182273268,0.03755392552195544,0.012571691569765018,0.008963276431895513,0.01965276598482732,0.51723423866180063,11.665401529238904,0.24203244985519315,0.050856723809067736,0.62029108830454327,11.665401529238904
93,0.42854412108752898,0.503069378794333,0.41655100095507019,0.47758300038681045,9.043846581623583,12.93351245289911,9.622810887376673,9.955042546973225,0.23514972512659946,0.27093375154159505,0.26254356747706437,0.24875758753177832,0.03409391347053138,0.00842182674678342,0.006897592825135183,0.0143102095583975,0.51889201555144815,12.576055087966042,0.24702756807291482,0.04650014123326375,0.62061013835736234,12.576055087966042
94,0.4366022447621849,0.50371801120778614,0.4174994327516639,0.48547769441499172,9.087794183650097,13.19170893302346,9.56819437540325,10.889559638406322,0.2353074803322613,0.26434817497880986,0.25949636843338697,0.24752499069546913,0.03998736291370387,0.010924539293662204,0.009840108586192546,0.018818138519556722,0.52563442721394793,13.825194519132655,0.24114574475264708,0.051507791326602693,0.62747612055348512,13.825194519132655
95,0.43508256890577884,0.5011891153210386,0.41522206770177866,0.48621028135730315,9.119044000685763,13.564686012180683,9.872822222814133,11.136552617112757,0.23791654308742083,0.2639728650878411,0.26232940677241534,0.24678457123435152,0.039093403251184086,0.012401556922410574,0.009562109183435034,0.019650902150404607,0.52353828993443841,12.072463801648658,0.2412331702546385,0.05242296116094769,0.62441593036407561,12.072463801648658
96,0.43532808567117748,0.50530089213324603,0.41873749689976514,0.48963023640185693,9.155734413793967,12.912170762331558,9.060049555218018,10.600069881663375,0.23488639285177382,0.2675688146746399,0.25849422321342186,0.25089273195882283,0.036445630523425636,0.010096486164408634,0.008213453147917483,0.01710747304531592,0.52489996235978653,12.001680346572096,0.24482713189821487,0.048046842515065157,0.62535072136045311,12.001680346572096
97,0.4340147860048662,0.50887468460094265,0.42272154217868091,0.49089082662522887,9.215259728119022,12.854155615516426,9.36474290545996,10.859204398217912,0.24947995513525648,0.2880655742287213,0.2767853819395906,0.26617278822332063,0.03433302852873905,0.010345393408602353,0.00813737382690075,0.01546520614111332,0.52517680372747,11.37547254447309,0.2639376976043202,0.04716890486775635,0.62566221098079511,11.37547254447309
98,0.43198404185005729,0.50264239630148866,0.41895463801654853,0.48570185155024032,9.218730076975195,13.00797449488227,9.815290679469468,11.23101081612892,0.24842165299882782,0.28516169940575875,0.27363972582606844,0.2669668316292082,0.03736324540551542,0.010976922396732262,0.009361410902383927,0.018388152466712424,0.5165727522473883,10.75331753318031,0.26046572875032353,0.0487351199422607,0.61855807459704304,10.75331753318031
99,0.42724881925895797,0.50013095591994783,0.41844507381336526,0.48239738277485122,9.367995496837178,13.371744691022508,9.71596562285261,11.260081069875074,0.24871285459991174,0.28600929823045995,0.2746910387727398,0.2672664440212685,0.03683494740399676,0.012644401505201503,0.009457539126200863,0.02007443506441692,0.51243907942776323,11.290364516254895,0.2603608694317471,0.04935843536429966,0.6138066694619766,11.290364516254895
100,0.4264761012543653,0.50246215064982147,0.41878388286100804,0.48502193185121495,9.286120618499586,13.107951598445515,9.712607007521994,10.617322420820896,0.24274328535436246,0.2699032472049539,0.2674412803353435,0.2530459911841718,0.036958254030179556,0.013122181927383368,0.010337701281671937,0.020084076866883748,0.51153688138203302,10.516602893108965,0.24538242142154154,0.04959604706492924,0.61284135582903754,10.516602893108965
101,0.42003350483308866,0.49654791405820137,0.41510784187400263,0.47397471874517194,9.353901844538624,12.595292227110528,9.461355008178447,9.915928058939397,0.2343244496844453,0.2615149774597741,0.26039152973662233,0.24141620856674856,0.03338284164485297,0.009424962072774299,0.008879947781707592,0.014396590463213519,0.50693147627420132,9.805645498058283,0.23803029487843091,0.0449585792024896,0.60884634447943609,9.805645498058283
102,0.42753195668669769,0.49713750637635251,0.41856644486084288,0.47953004815737699,9.408007578487018,13.222022972173937,9.437490272689875,11.10934519155627,0.24102137406121074,0.2654504143899739,0.26560843546194485,0.24882330064360286,0.03169421559301098,0.008768911664643142,0.007239719414392824,0.012861811507567522,0.51069508649150375,10.312094362256193,0.24149173644015606,0.04446825738077408,0.6106774929904476,10.312094362256193
103,0.42416719178778911,0.49709751854279438,0.41437367922010632,0.48177741942384245,9.449421087949077,13.830746005233062,9.612758760553769,11.189402414940568,0.23864896391636709,0.25865627249729395,0.26231721353379905,0.24315022440022227,0.03418945926079727,0.01017035143707441,0.007722213428083692,0.01667568895918726,0.50892022153334715,10.419225313803908,0.23549884326486806,0.04680149622322754,0.60920601184983159,10.419225313803908
104,0.42486082053497953,0.4918817086298703,0.41493440306907525,0.47638872891041062,9.47482620205158,12.171433819018613,8.94869422153716,10.207817765170592,0.23867754077805609,0.2559736820571195,0.2614502718251861,0.24196379942152174,0.033336720390594446,0.01096686009592676,0.008220663611509655,0.01588087450507016,0.50306066673069549,9.404896775414137,0.23292632106972347,0.04699754833550268,0.60517775678775487,9.404896775414137
105,0.42299215372065552,0.48714904361050299,0.40828534103078623,0.46731166731687468,9.401562314555703,11.629649282683808,8.727201987224484,9.399399770773686,0.23524852335942797,0.2503662915929147,0.2596027142514609,0.23434250405899176,0.030434866844109506,0.0077496790710622,0.005466842256612147,0.010990443846298655,0.50328528211232726,9.012698919230859,0.22695177315544884,0.04563680822176883,0.61238976956519386,9.012698919230859
106,0.42125947819373072,0.49068893517023576,0.41281234684678952,0.47648176090122735,9.598962119050128,11.191224312744916,8.527171405997217,9.862151776492615,0.24557349460669012,0.26469826504660193,0.2680868419094805,0.25149594522708374,0.031347144342876075,0.011482877471969322,0.007894287360133008,0.016088905189811833,0.50004399753278417,9.134500061321058,0.24074934510997129,0.04517798767504187,0.60011617724164934,9.134500061321058
107,0.41395193583329182,0.49071691803480977,0.41027697826739046,0.47569276627415391,9.583594273849215,13.064658404084028,9.071798720704887,10.951136329248328,0.23999257386174283,0.26324450734050875,0.2630082906193751,0.24884447622832048,0.03204566465306273,0.011961127178957342,0.008012707234690388,0.018485839107284543,0.49528229097654275,10.062272575155172,0.23857583261834006,0.04526560442698727,0.59280800382623366,10.062272575155172
108,0.40766931748526186,0.48320509399503636,0.40540800908921432,0.46862471572367786,9.475275614666137,12.141719949874625,9.082204455512432,10.261256964827549,0.23381241327992586,0.2511031350487249,0.2556736544517398,0.23727463618263342,0.031009543239883138,0.012179681042048616,0.007730994269459986,0.01984194008513592,0.48704399073648208,9.556843879065898,0.22858237225451492,0.04302213945212566,0.57918401245487028,9.556843879065898
109,0.40952402921605119,0.48527728577724855,0.40954814806152495,0.46775616667764192,9.547997313878904,12.061809177362072,9.213027899693815,9.696264884688283,0.23321643370605824,0.2438940965645247,0.2569471840879529,0.22824110689049543,0.024539599195214454,0.007970966912943911,0.004909616814251468,0.010724464716615062,0.48971800497594919,9.051278859798948,0.22107329641236736,0.03792149548504809,0.58622242082539877,9.051278859798948
110,0.4146582185988158,0.48641295967785797,0.40902921618698934,0.47281206410631571,9.66888823097092,12.271843741566162,9.290084489396413,10.3277019473903,0.24196214226616408,0.25171473160907737,0.26310368392153616,0.24027167696989896,0.03009949674203171,0.011232348974189899,0.007374777358734534,0.017618588784572745,0.49450460805622887,9.075308805395979,0.22909701341440333,0.04229657573267517,0.58768817440413179,9.075308805395979
111,0.40648609891817317,0.47434268479376784,0.4021014670807192,0.4623286782661617,9.84540546479378,11.473733858242936,8.72199198736031,9.824744751893517,0.2432852829138856,0.2669267202368477,0.2641238897384363,0.2549376724613391,0.026822878102789164,0.007308862490780096,0.005363148256127888,0.01326722250837107,0.48282452631816014,9.581394357955926,0.24364455899157114,0.03676049001491169,0.57354062526135341,9.581394357955926
112,0.40267153965462965,0.47887831688382398,0.40443335688492715,0.46369922716308254,9.936522887325394,11.970188875696005,8.899020310593583,10.009764156784264,0.24328707431456378,0.26020637645535866,0.2638762070075169,0.24929460211495114,0.025384513258579135,0.007647276781535857,0.005686465527095988,0.01240716572172783,0.47684769903149887,9.349041067616298,0.237140637817236,0.035314911395366494,0.57068108180312105,9.349041067616298
113,0.39670110602947156,0.46951494222113038,0.39986939593886461,0.45504581776187514,10.21099780063985,11.11665576315854,8.260455201297516,9.46032754695185,0.23994639848745,0.2532936676987543,0.26084194493933693,0.24100902570011123,0.022764219929440315,0.006482632726464536,0.005108438023347187,0.009946655754915483,0.4711301833377215,9.213416256225505,0.231358464159145,0.03231837710723636,0.56074788447501378,9.213416256225505
114,0.4009737233162865,0.47583357906744672,0.40389517420153892,0.46591919493922451,10.03396191050611,11.024818390579275,8.239950551050576,9.915679727297125,0.2410743209877896,0.25570332757249364,0.2601689483436652,0.24591793783184301,0.019962114897753038,0.0056979801920683006,0.004125199175026624,0.007569416965620234,0.47481263747907265,9.409483839671992,0.23406429818156976,0.029845041842245804,0.56282501364117976,9.409483839671992
115,0.39769395755462217,0.45996389778182012,0.39410397792133545,0.45178288302271552,10.336874122634093,10.744248522459833,8.362089189602413,10.00089694432934,0.23737849038967115,0.24413680937334298,0.25580363199457545,0.2352423157652652,0.022006943852912637,0.006697140469469048,0.004604617053407161,0.009609047176093143,0.46599417408108673,9.534277707705145,0.22315347644494885,0.03279504543846676,0.55292525740129761,9.534277707705145
116,0.39217436190277444,0.45756771464814328,0.38732287502177626,0.44904145182945415,10.06030928774572,9.955808485692353,7.67385827569305,9.143038110798782,0.23882823129477732,0.24791241213763068,0.25647255446543027,0.24003267892787097,0.024255096540185747,0.00911883159900684,0.006624215468968479,0.011138234833692561,0.46381899614847849,9.135710888125494,0.22695307065745796,0.036295397556026655,0.55048576537073868,9.135710888125494
117,0.38932162789461294,0.46048574941250003,0.39212931751688573,0.44748478005148679,9.976567603326261,11.60967808957331,7.892648348374667,9.958542669298682,0.2409556370239759,0.2634271457034811,0.2610415621587321,0.2520306218936204,0.02401877070632885,0.010135273190887653,0.0071055180553205935,0.01354583231556413,0.45941021047073738,9.297381078618345,0.240241970797558,0.03490059634817147,0.54400025905274241,9.297381078618345
118,0.39292920233739026,0.46036891156683424,0.39521633525446331,0.45161674771302102,9.907571519979633,10.913139547812865,7.897996690171889,9.941940988947593,0.24485239090880298,0.2633889486136263,0.2628570783710478,0.25577934713101824,0.022419724809242505,0.00995143154432305,0.006333550519136699,0.012454600389405953,0.45889836270249607,9.232886889910748,0.24047368432153088,0.03399622554901212,0.54073446874851849,9.232886889910748
119,0.38144704311380451,0.4497011654377413,0.38729954373145586,0.44659583709447054,9.178661943445618,10.798904386181574,7.79445751997156,10.445279007632267,0.23544539277054616,0.23934992358730567,0.25251595873447574,0.23216370754164437,0.023623950680036317,0.011678211165363162,0.0073289314297451825,0.01453364976911549,0.44291238089595159,9.244945519110699,0.21923426372032426,0.03558205536564895,0.52367477232128379,9.244945519110699
120,0.38855029501026406,0.44301101571119472,0.38861059761078359,0.4374555927453484,10.274708850127285,9.497053585356337,7.453972308039899,8.939238068833252,0.24406253915701287,0.24661112601091836,0.2605676613202089,0.2404647128820429,0.02073893320110511,0.007853069014679451,0.005396772029509465,0.010419785785539449,0.44167073236641269,9.604304973994847,0.2265750089071788,0.030542070377744205,0.52177619858501934,9.604304973994847
121,0.37963436535960687,0.43942626096442933,0.38121831738761047,0.43267470275203573,9.21265860560719,9.677928035545973,7.500606235060506,9.210130743785516,0.24078541682715832,0.2466977058517093,0.257941988538186,0.23918930010916076,0.02293433513123132,0.01267170352003018,0.008593872525246352,0.014160095204990373,0.43693582778862394,9.501078480668962,0.22633928982280513,0.034807187769900556,0.51644962301295327,9.501078480668962
122,0.38512337860552498,0.44310417557456216,0.38633361688886597,0.43745284973375326,9.839717919412834,9.877764078748859,7.464347328648404,9.540417099946042,0.2493885568952995,0.2539194541000214,0.2659764101454018,0.24768580490769534,0.02407339894619156,0.010000290553780544,0.00709401572686119,0.015634093923206874,0.44322292512172901,9.666925899352032,0.23366420185712763,0.03240908447106132,0.51977394803565968,9.666925899352032
123,0.38520676876242738,0.44349535788585287,0.38474027375345882,0.43772434866798104,10.600627601917386,9.880917920823526,7.167536890525171,9.759631645587193,0.2418922412461844,0.23709586973537808,0.2576886324854127,0.2312087466406688,0.02388155983725131,0.0101299517960345,0.006192782323322123,0.016637438779260896,0.44497496957884258,9.653367316951426,0.21857121255514558,0.032898096679320324,0.5207601059467466,9.653367316951426
124,0.37768508941399132,0.449787498877457,0.38879281727346482,0.44621613272226957,8.35216450722203,10.747457811356835,7.661657584281256,10.289798549035334,0.2425712520174268,0.24128539527155385,0.2584832919049316,0.23550276951129862,0.0321037325909484,0.019639846251658627,0.01333821449394102,0.030671486471285297,0.43558644770345151,9.7453998828608,0.22222840390329354,0.0395578543822516,0.50928281845180368,9.7453998828608
125,0.37458534673329175,0.4498728951298297,0.38804594072653009,0.44164285278811466,7.516202189984954,10.345381445649435,7.758562224144349,9.510681965694964,0.23865096391147303,0.2355468955829539,0.25516848606255943,0.22807368496453373,0.03770287060529891,0.026743239184787018,0.018794355576959684,0.039614646518373105,0.43321613683757582,10.212791994053095,0.21733671346514913,0.045032385279755734,0.50493091252038258,10.212791994053095
126,0.37156266495124318,0.44396468300788744,0.3847015190309036,0.43902296455411582,6.860881892661446,9.770017829588785,7.412272787463777,9.435687183186548,0.2348632373836398,0.22717073470895258,0.24929839825667024,0.22271084475323952,0.03643538221753528,0.03176766954922386,0.022016485613676508,0.0380813405037913,0.4275297338816807,9.665563944850982,0.20950181281573876,0.04885434628730143,0.49586082290122047,9.665563944850982
127,0.36503606843734321,0.43467001439538272,0.3808401895876849,0.43107275606926176,6.674567243333281,10.01335923959122,7.5361524472063275,9.738427190354468,0.23408016370176968,0.2216316393080502,0.24750977855024867,0.21741939503854785,0.04387387177574374,0.040884902205714925,0.028012749127606637,0.051037216870806326,0.4129720789744839,10.41322133793625,0.2059876436729263,0.05602006953709418,0.47619690121186131,10.41322133793625
128,0.37185836025528474,0.44056122190627278,0.38769055271385644,0.43508442894919536,6.838272087901513,10.063611637997386,7.756874121818923,9.719595538794643,0.248628431063399,0.25635452629220684,0.2631820706325388,0.25080906124379343,0.04593597238050204,0.040433767429761826,0.027611650071962944,0.05464653378949488,0.42267382886369992,10.463933428201287,0.23859232171977635,0.055541936265565084,0.48403601620220466,10.463933428201287
129,0.36218182634142987,0.43967238835042505,0.38233645008822281,0.43306174200976871,5.969385558821829,9.29874441792056,7.1096470863912495,8.887454338038674,0.24040044969114926,0.2507021498993029,0.25482423546422034,0.2438765527111215,0.04414331802437344,0.04025179745320594,0.029431088285567338,0.0499059561297703,0.4145783398195535,9.084827585057091,0.2341429209530447,0.053951641191345656,0.47285388828704988,9.084827585057091
130,0.36974906939819235,0.44589873081588127,0.38600455126103611,0.43959946295343577,6.462106277683097,10.159613483149126,7.127087971354701,10.109736704663792,0.2518561662263136,0.2730763266572698,0.2669238542352868,0.2668091936143483,0.043338549348910176,0.0351895955228246,0.02620706649761223,0.04859443289329474,0.42427620237816954,10.642810669057154,0.2534599617032628,0.050035789808073175,0.48771914397775484,10.642810669057154
131,0.37224685695928644,0.44655539231772823,0.38546509315625965,0.44066026051482599,6.464771072874535,10.070516741715673,6.942046178799611,9.60420394232211,0.24786011053865167,0.28087567740650354,0.26308519685019727,0.2742993203680262,0.04629726190687651,0.033983567876597176,0.026219401007656313,0.05161359294490921,0.43020606005471262,10.663789943763282,0.2599358872912452,0.05004495601085168,0.49448547264735881,10.663789943763282
132,0.37227871283707531,0.44290832263561142,0.38174040166651446,0.43662846762709878,7.4696284042605825,10.546696435515749,7.026178127739404,10.004961250269323,0.2429530861977727,0.2611008462094376,0.2571456322274956,0.25496395491271023,0.04292774054111417,0.030698633329018173,0.022995913767938615,0.04734275185621111,0.43162833426484137,11.014539830748474,0.24292146442779608,0.04736800387436761,0.49365723214705365,11.014539830748474
133,0.3776844362294875,0.45101854243739492,0.39225202974092022,0.44413690488627627,6.5240966375391976,11.811950293074919,7.424290174813651,10.985281473583566,0.25869247603294276,0.28976655895350334,0.2738671658181149,0.2818942499237055,0.046873674405264104,0.03323974096217656,0.026055436148558035,0.05317706143024694,0.43468087607143818,11.811622663514747,0.27052385869651435,0.04820187037131338,0.4939623537907693,11.811622663514747
134,0.36371200669970649,0.43029065288189738,0.37318921256693177,0.42505816302963845,6.498289176119953,9.510527242367742,6.406071867480858,9.04404719205242,0.24548916042771732,0.26746875222448574,0.25870825735937514,0.2621952543942933,0.04813573929532501,0.039542666042277214,0.02972159957706732,0.055746054587608763,0.41889104811350703,11.212264725871968,0.2496351976917355,0.05407835307814157,0.47875841901414939,11.212264725871968
135,0.35836581919115773,0.42651360933467802,0.37030174111535047,0.42064500367183216,5.990447155760149,9.122139450503827,6.51917991453585,8.444064170393055,0.23647753382251407,0.26179719800924073,0.24893904361346889,0.25729244573685045,0.0470283660474778,0.04192564497078371,0.031214299597619333,0.053933129828141226,0.41118826531521074,11.484362413531908,0.24426774630624715,0.05594456804052901,0.47095549749028237,11.484362413531908
136,0.36623071143205738,0.4383821127435833,0.37538872196412898,0.43345862518894329,6.706179116412011,9.691056837904833,6.782036501949385,9.208128517975124,0.2439637523201185,0.27220320075591387,0.25647664011993104,0.26804066243330327,0.04405756228124431,0.03754397587951814,0.027079362128915305,0.04916683340370238,0.42731221566820382,11.488409497751995,0.2540490245391078,0.05394020296078699,0.48843441333693055,11.488409497751995
137,0.36477921786102546,0.45111030354754583,0.38443270160327803,0.44462134772408751,6.376284662770172,11.155922024451915,7.487209658053034,10.041766185246637,0.2511152974309181,0.2842862053779468,0.2655673896888851,0.2778836109424697,0.054287772863209564,0.05372603315071426,0.03630773320020177,0.06921415918693463,0.42514453654275591,11.659164404066553,0.2643330347808517,0.06768343523058568,0.48599443867502107,11.659164404066553
138,0.35821505370528162,0.44424816628944597,0.37844688865679382,0.43828432399517087,6.458574765887215,10.606644991708604,7.313018267057533,9.653691903854675,0.2413168891344297,0.2653057012688966,0.25503377359367846,0.26038665179213594,0.0594976751110502,0.06559009107379353,0.0424768351362061,0.08135684620840539,0.41671931755334901,11.404030976264291,0.24593822702308582,0.07726122787645819,0.48061256739473751,11.404030976264291
139,0.3576687352368948,0.44230679686625907,0.37878671385156726,0.43810321731920948,5.9091138733838315,10.727774313912997,7.1999748488499264,10.294749418656856,0.24080952923204735,0.2700322231294782,0.2533275212790747,0.26567000341026237,0.05447015742080191,0.055914515570289376,0.03720103864962126,0.07127678600730927,0.41235193415758253,9.860018814012308,0.25156314229694826,0.0690580529820282,0.47322404649077732,9.860018814012308
140,0.35533523676927853,0.43171880244359395,0.37466069179422329,0.43052767760399502,5.836540847120188,9.60327212501705,6.867291113160273,9.502603729953401,0.23483609078141637,0.24948069211997886,0.24658099023732705,0.24587551499526364,0.056662935379995644,0.06573438727312747,0.043352245379211604,0.07506165066543856,0.40483824261205309,9.145123910851218,0.23248682393182188,0.07794717951930404,0.46563446363339328,9.145123910851218
141,0.35745197792543726,0.42554169936657876,0.37240245546381273,0.42424338748337287,5.594579941309098,9.110656953732796,6.4189302753511654,8.94917930706584,0.24170767829414105,0.26312510990551286,0.25411772443792363,0.2584397845664956,0.048880888495045086,0.04896195693304957,0.034271943709175905,0.06056083715542051,0.4070466789458187,9.985962283910915,0.24557897861063893,0.06173344232667114,0.46712977563720554,9.985962283910915
142,0.35232536616148352,0.42492756390010178,0.36894594618072279,0.42406955502916627,5.784205333832412,9.576426955714053,6.58574775235281,9.339521671189772,0.23803863208041784,0.25448341826835824,0.2498363033933855,0.25066569946895134,0.04863970417606861,0.049793280088503755,0.03399864503298321,0.0599999667912571,0.4033754756265589,9.756082781674746,0.23760003662880796,0.06383261204954976,0.46270966011286324,9.756082781674746
143,0.3570570469587892,0.42374552632515911,0.3718287678271357,0.42083411968944107,6.003257244818107,10.069016202245274,6.650040325176921,9.442104013958142,0.24651964554221215,0.27900436136272594,0.2575769340938843,0.2762902126098803,0.048399039384690874,0.04983576239012389,0.03488329819592448,0.05847727636001129,0.4039559074694527,10.295562241643776,0.26093442875793105,0.06385984559711594,0.46162989132167803,10.295562241643776
144,0.35576427393121363,0.42866956195358336,0.37085899792783206,0.42567759473684447,5.832428610682765,9.671769656383814,6.658250334145179,9.491915759936063,0.24603331020324865,0.27812943391965933,0.25755441422600805,0.2745717464197238,0.049090380220085876,0.04916167417539579,0.034183948450470486,0.0602353767226282,0.40835340562489048,10.324040732807614,0.2596278312988076,0.06372446951913043,0.46428354996394594,10.324040732807614
145,0.36165903274150507,0.43318441501894889,0.3736650394533757,0.42902611507465355,6.448488560535491,10.24698574187832,6.952810394316635,10.005755278180855,0.24486532564980412,0.27694610882096776,0.25685483199997877,0.2722434957271124,0.04994525566170925,0.04975563357037336,0.032434450159665465,0.06355641923413728,0.41845758346416484,12.459865129362985,0.25852649810712736,0.06623299061862842,0.47764369676415674,12.459865129362985
146,0.36246306238736492,0.43208278113802623,0.37429628171989276,0.42830354308713831,5.859223642858078,9.817201172984616,6.945730398446639,9.542267761616165,0.24443068802485618,0.26755322974072165,0.25568076920552585,0.2643609410738521,0.04620240161061168,0.046834375485643606,0.031428882412789315,0.05648741663940127,0.41682550976766874,12.452691188125405,0.24970248421967475,0.06271151673957577,0.47597625393634868,12.452691188125405
147,0.35388143865688887,0.40140576379268311,0.36294648825752385,0.39712112837252744,5.5788423455741105,7.110681947980835,6.202187797255707,7.066569970035056,0.24860868690823879,0.2511493093220219,0.2596242132787387,0.24781187001325125,0.05210979373227225,0.05531658846958279,0.03759674264267217,0.0670516529378965,0.39204757594883943,9.135642444783555,0.2353051427378769,0.06873086562192529,0.44818496458665846,9.135642444783555
148,0.35160307935736951,0.40093634174730663,0.36051418954328601,0.39672874330448854,5.482266511622596,7.196097816910861,5.864554254964813,6.92749399387122,0.24689934496907195,0.26172863780452404,0.25733488783536995,0.2583569700265745,0.04304415789632342,0.04005314159529433,0.02870002983284406,0.05159138660500205,0.39284212711089755,9.068293645019027,0.2457396225997733,0.05419508210941277,0.44494974289012035,9.068293645019027
149,0.35494161811824604,0.41509764652036979,0.36437732698178837,0.4103097337736063,5.707698890328678,9.391125087289197,5.78122774731672,9.067941404176297,0.24820275904891398,0.261632127921937,0.259260738590847,0.2573046315061394,0.04603596687541959,0.03685402872236273,0.028378431331129814,0.05186129810589971,0.40545538795860397,11.261815568520738,0.24541417812123087,0.05408272184751396,0.45962533337022277,11.261815568520738
150,0.35881038205460697,0.40838366911075996,0.3664031092776911,0.40409756378509559,5.734857090715578,9.034357541731328,6.19186750835658,8.319296370850449,0.2528695272123878,0.26803877392743186,0.2634595077359468,0.26458425999958246,0.04601911166226743,0.04300562482836664,0.03132714096678487,0.05430136524979133,0.40176744043091694,11.135034701087536,0.2516813317288667,0.05819786527848571,0.45395089763591356,11.135034701087536
151,0.36418311478924764,0.41112899524970103,0.37277241798472904,0.40777115392900493,5.930802032353898,8.809822234150188,6.556846930984673,7.951751300465046,0.25238929645034813,0.27675297642802493,0.2611440812778685,0.27438596579377417,0.05045661315562557,0.05123486405469671,0.038605589482436226,0.05988395674668205,0.40298147628523084,8.69924648801287,0.26219114674361443,0.06369774399279003,0.45160637434646794,8.69924648801287
152,0.36052507340299933,0.4155584674435136,0.37610533582377148,0.41234054654047331,5.801494096117933,9.226348471407789,7.254741100694496,8.947583499860656,0.25140066390671895,0.27973508423518195,0.2604512144092275,0.27704272460994545,0.04950310612984445,0.050799180303317,0.03833750567941796,0.0591476135085472,0.39584341809783613,8.71957381861735,0.2646247051714789,0.06235905769469726,0.44475132188187955,8.71957381861735
