Period,"Gini sedlac, all income","Gini sedlac, labour income","Gini sedlac, labour and pension income","Gini sedlac, labour and family benefits income","Decile ratio, all income","Decile ratio, labour income","Decile ratio, labour and pension income","Decile ratio, labour and familiy benefits income","Top 10%, share of all income","Top 10%, share of labour income","Top 10%, share of labour and pension income","Top 10%, share of labour and familiy benefits income","Bottom 10%, share of all income","Bottom 10%, share of labour income","Bottom 10%, share of labour and pension income","Bottom 10%, share of labour and familiy benefits income","Gini sedlac, labour and IFE income","Decile ratio, labour and IFE income","Top 10%, share of labour and IFE income","Bottom 10%, share of labour and IFE income","Gini sedlac, measure IFE impact","Decile ratio, measure IFE impact"
49,0.39819145910476633,0.47118717381839381,0.41602007959294057,0.45052318409127079,7.043855404533588,12.557172778263126,8.815856916793585,9.71520225283326,0.23037300526702637,0.2613984588633134,0.2395703763350668,0.24820965150052904,0.031885984181424784,0.02814740509274665,0.024688264551278365,0.03742452137810609,0.47118717381839381,12.557172778263126,0.2613984588633134,0.02814740509274665,0.47118717381839381,12.557172778263126
50,0.39662387432684176,0.44969495155681144,0.4103299276261283,0.43976949189692893,6.9508519276556235,10.997509770595485,8.523936273897387,9.228446981479198,0.22932535102304474,0.25262196392286146,0.23617852860986563,0.2427956604963266,0.03421056803039202,0.027944451327679566,0.02594453496735801,0.03894435843230613,0.44969495155681144,10.997509770595485,0.25262196392286146,0.027944451327679566,0.44969495155681144,10.997509770595485
51,0.39906248032728375,0.45051447340438783,0.41431916788182965,0.43837477155210292,7.110483130301827,11.164220673582573,8.727379378038327,8.990614057430598,0.23543986204535244,0.26321842057260203,0.24370104731340222,0.2515458990441992,0.03486313470472575,0.02529519781404988,0.026103461104403886,0.036789619011683546,0.45051447340438783,11.164220673582573,0.26321842057260203,0.02529519781404988,0.45051447340438783,11.164220673582573
52,0.40208941944768029,0.4554703875077159,0.416038344605762,0.4428425314010917,7.446019374388752,11.492346621566071,8.985273411134951,9.218480264027827,0.23475942678130562,0.2624581243362034,0.24201470009052806,0.2519842261305635,0.03569300230347262,0.02842656999563066,0.026854072481243312,0.04013010886950508,0.4554703875077159,11.492346621566071,0.2624581243362034,0.02842656999563066,0.4554703875077159,11.492346621566071
53,0.40039927920618534,0.4563192801658929,0.41608426002186993,0.44171812023273999,6.976337739320818,11.26700589607572,8.596342853852544,8.864918915479059,0.23415806590874877,0.2654164483644352,0.24254700476016125,0.2534293720244266,0.037534086256412316,0.027805012670920268,0.02748218189097579,0.04091627986931251,0.4563192801658929,11.26700589607572,0.2654164483644352,0.027805012670920268,0.4563192801658929,11.26700589607572
54,0.39942211359054564,0.45942872076814983,0.41486602032198228,0.44639796030328532,7.032191528544189,11.454957136869778,8.613407508337266,9.193753305869192,0.23532129792481293,0.26716036367409435,0.24371062085956532,0.2549570708052305,0.03817453055868185,0.028340289144844405,0.02769580239240815,0.04221458067585365,0.45942872076814983,11.454957136869778,0.26716036367409435,0.028340289144844405,0.45942872076814983,11.454957136869778
55,0.40503958051555361,0.45811414335926037,0.41959919235434295,0.44562621425048754,7.178106146284642,11.199583432639017,8.776248515729508,8.985037235278858,0.23521215208719093,0.2674885749253007,0.24296393800154575,0.2563625970825762,0.03855192308770607,0.028718097084091,0.028962913375751045,0.04122943591130048,0.45811414335926037,11.199583432639017,0.2674885749253007,0.028718097084091,0.45811414335926037,11.199583432639017
56,0.39729271420034373,0.45671492521678003,0.41554613418228842,0.43712323655721108,7.118285743544933,10.969201970404075,8.748226613925985,8.559230452929171,0.2295589699929938,0.25888643997179833,0.24043239845278333,0.243465844052793,0.03650300761167626,0.02786552596504587,0.027220912883656027,0.04005049346271181,0.45671492521678003,10.969201970404075,0.25888643997179833,0.02786552596504587,0.45671492521678003,10.969201970404075
57,0.3966691749357088,0.46078462117580404,0.41736594685824507,0.43659715064449706,6.834067234933224,11.069963965577283,8.61936061720075,8.48108926338147,0.2353931106892543,0.27217227038581443,0.24801701338887563,0.2540811936977567,0.0376425046693886,0.028143195806041372,0.028478238518905772,0.04012744477312275,0.46078462117580404,11.069963965577283,0.27217227038581443,0.028143195806041372,0.46078462117580404,11.069963965577283
58,0.39386515731510457,0.45687750463704396,0.41249690571225778,0.43580489365476072,6.8143147701537305,11.138459370870741,8.698093550126831,8.728588788124478,0.23186815142520245,0.26393341017410765,0.24261309456021324,0.2483665971270004,0.037935608831505756,0.03046532856173625,0.028311053451023915,0.04314901022858723,0.45687750463704396,11.138459370870741,0.26393341017410765,0.03046532856173625,0.45687750463704396,11.138459370870741
59,0.39360730041998532,0.45340542993331656,0.40980881256573892,0.43660744000690482,6.79183665763114,10.778699997572373,8.383734168212193,8.803862764767127,0.23165807078901818,0.2627045281435493,0.24137650837887034,0.24884759172467547,0.038933223009954866,0.030970719517113016,0.029114043370547862,0.043731046147823326,0.45340542993331656,10.778699997572373,0.2627045281435493,0.030970719517113016,0.45340542993331656,10.778699997572373
60,0.387806946750482,0.45087019493826386,0.40570914966879401,0.43029608089246763,6.839074319364702,10.524410868479384,8.457611873464405,8.4950896505461,0.2276646286918777,0.2573344084023091,0.23790510302230014,0.24258675029358753,0.0380308990250331,0.030793629986308125,0.028692477446097493,0.04310185893860285,0.45087019493826386,10.524410868479384,0.2573344084023091,0.030793629986308125,0.45087019493826386,10.524410868479384
61,0.39095470896223605,0.45550828701924251,0.41036264886422802,0.43161555827428938,6.666225879541886,10.9412999560298,8.477825206871588,8.578177307699589,0.2294459626118875,0.2605626434505548,0.24149435824408422,0.24350332219407092,0.03833188625088577,0.028043687129027182,0.026558870983809175,0.04339522928879826,0.45550828701924251,10.9412999560298,0.2605626434505548,0.028043687129027182,0.45550828701924251,10.9412999560298
62,0.38892886458955456,0.45406351715378473,0.40557970316859387,0.43417077129568782,6.6792473010810935,10.6425907343211,8.379629049971635,8.559490969555936,0.22258736225982625,0.2507849310538045,0.232643540067856,0.23640201067464,0.03971580902666172,0.03181466041303547,0.029205225446080032,0.045608632565441974,0.45406351715378473,10.6425907343211,0.2507849310538045,0.03181466041303547,0.45406351715378473,10.6425907343211
63,0.39285589637825385,0.45553239342055912,0.40926972588880189,0.43625268687873736,6.489588583515829,10.23347956551323,7.862162171070475,8.418845207466195,0.22518961000093568,0.2529424720125419,0.23492980720514833,0.23908710481313228,0.03950540403857424,0.03234603357198648,0.030056025981232283,0.04470402533318753,0.45553239342055912,10.23347956551323,0.2529424720125419,0.03234603357198648,0.45553239342055912,10.23347956551323
64,0.39740629501312041,0.46189543459820975,0.41387671338834231,0.44192737609384003,6.553783477909036,10.881721854707013,7.805241076620638,8.695706834816226,0.23058851717143872,0.26137442670910876,0.2405172439876644,0.247236755425405,0.04153777809579909,0.032778931659764005,0.030894853873164718,0.04662182387878406,0.46189543459820975,10.881721854707013,0.26137442670910876,0.032778931659764005,0.46189543459820975,10.881721854707013
65,0.39511627585060327,0.46262538890515403,0.41448109716019926,0.43921023811621041,6.255255553109446,10.83939245806735,7.832010444368181,8.423524697896951,0.23088575167706143,0.2624150111648511,0.24297695017878568,0.2453131317908686,0.04142268398789482,0.03144447265668789,0.029697230520217874,0.04668640320186426,0.46262538890515403,10.83939245806735,0.2624150111648511,0.03144447265668789,0.46262538890515403,10.83939245806735
66,0.39797967271521562,0.4653886137985484,0.41695666872312759,0.44201926187376167,6.407296271876354,10.95847550793929,8.121923326447522,8.28046978630329,0.23206613356860645,0.2626157948242911,0.24347973733897935,0.2464078501433497,0.04328259952853434,0.032913838672764664,0.031111075621625194,0.04882677664529992,0.4653886137985484,10.95847550793929,0.2626157948242911,0.032913838672764664,0.4653886137985484,10.95847550793929
67,0.3928898738084316,0.45598550103506957,0.4108334231493122,0.43365038784722865,6.395602400158255,10.071151024268653,7.920265949135129,8.126730616828526,0.22567871982418758,0.25437098045701645,0.23641720135061778,0.23894353186969242,0.040946126012086005,0.030371663312456203,0.029621270766796062,0.045445608029378554,0.45598550103506957,10.071151024268653,0.25437098045701645,0.030371663312456203,0.45598550103506957,10.071151024268653
68,0.39440422211973292,0.46520572272376842,0.41528340470969127,0.43821935387530736,6.33507257135331,10.914634296233658,7.802523271627734,7.910643608148156,0.22659125983213496,0.2561096439583579,0.23819693220628216,0.23942166399103357,0.042512497737937034,0.03267753627376785,0.03143340291334232,0.04741223640423988,0.46520572272376842,10.914634296233658,0.2561096439583579,0.03267753627376785,0.46520572272376842,10.914634296233658
69,0.37406114195398349,0.46413909964840327,0.39656804574760751,0.43524372375928422,5.8848703924705585,11.230575218745214,7.7672307064123975,8.049106639326613,0.21617473462465087,0.2569793702359822,0.2281440039076784,0.2385710875480495,0.04374768578183561,0.03735197815551414,0.0320668823700242,0.05291755873343636,0.46413909964840327,11.230575218745214,0.2569793702359822,0.03735197815551414,0.46413909964840327,11.230575218745214
70,0.4569189626183211,0.46691443899164325,0.40557677228168759,0.45162754161638302,11.975731607092357,12.052777698345711,8.204822988128598,9.870792053758338,0.25874297783557865,0.3168451508875766,0.2827226709521623,0.2975490302256478,0.017341676809954427,0.0018835654733705511,0.0018373772355204723,0.0032489018650990772,0.54197411746218793,17.394449596854475,0.29660156804162247,0.023288001644299363,0.63039419401123842,17.394449596854475
71,0.41976711432303937,0.47335672399832318,0.41335952127138964,0.45203781682917382,7.550486043101632,11.887276968238618,8.447691257009089,9.330773200948633,0.24363291706657603,0.30334118835150026,0.2701259200453566,0.28490050323202676,0.027981405751578443,0.00862203179149624,0.011110090106227412,0.013189559559408872,0.49178934873941438,12.097701380762988,0.27804334120642576,0.02906927057527996,0.59809575827963113,12.097701380762988
72,0.42150351790312551,0.46985549325443243,0.41223190394727921,0.45020176395905565,7.075787677859736,12.042967867865082,8.740595928138742,9.428628301067302,0.2393432673787682,0.29361348222565864,0.2639941077228092,0.2756460461579579,0.03139963425182362,0.013914529897034806,0.014245097397173346,0.02103434621047692,0.49296607311820989,13.008931714617951,0.2714301933934309,0.0318950861984716,0.59162895779549662,13.008931714617951
73,0.4111733311796163,0.46870365675524772,0.41198540933803068,0.44285774311640586,6.629902526608336,11.830731310792702,8.505134908952996,8.76199345318689,0.23348650428410714,0.2880823012576602,0.2604892704426205,0.266690215249724,0.04566038793499526,0.014995908713026043,0.015531233139305307,0.0226785709484047,0.48325824220520291,11.69539521568024,0.26593269778218187,0.05127956444546691,0.58518884994813047,11.69539521568024
74,0.40301647318146183,0.46309106824346014,0.40473307222678812,0.44413375097362395,6.450573748725705,11.162747997068044,8.448841244287248,8.880831239871684,0.23311682503187875,0.28549753053489985,0.2571184150918832,0.2688387980082461,0.04767443347299086,0.019709342403138746,0.018423129289945654,0.02685975493172976,0.47211351046385652,10.046360505531212,0.2637105981849355,0.05436966770754446,0.57358167574842323,10.046360505531212
75,0.40125516720128362,0.46307387308397285,0.4031581540201723,0.44147299886393682,6.413909180114989,11.40281854285327,7.943801746870391,8.927323601281797,0.2288284780018067,0.27796579811782424,0.25198824450594604,0.26188654940166933,0.04477971503055284,0.017054507659479988,0.01704652808262565,0.023295688900655465,0.47096210369305935,10.362439381547194,0.25719409676243266,0.05061352263025154,0.56977340625929307,10.362439381547194
76,0.40362768348358713,0.46157819563037417,0.40190912320011152,0.43998796263127887,6.5272876587932185,11.664628611287814,8.066511669205292,8.899674552893739,0.2328611120010027,0.28038790705110966,0.25594994915866887,0.26431634874801,0.04468876464345235,0.016218119822441392,0.016272533868775498,0.02247775445073693,0.4738930213886175,10.492549749512854,0.25977443551397444,0.05097591420004494,0.57296551272433616,10.492549749512854
77,0.39523113840954766,0.45497590357805207,0.39684598070415739,0.4285249451482368,6.601241640510296,10.865729008735663,7.964983000906715,8.380684648669426,0.22708042594015693,0.27485821235876173,0.252056046174273,0.25519458848705157,0.039589972255404005,0.01237607398625491,0.013504315896446817,0.01769060490371436,0.46690744221631464,9.688460492715851,0.2547406005275147,0.04530176458893532,0.5670009787364414,9.688460492715851
78,0.40034772882793779,0.45720556445664323,0.39601203520599143,0.43827262059170419,6.618708736515112,10.96329720172744,7.919738937092872,8.62799945052867,0.23287280375900066,0.2782989033893319,0.2559202118747905,0.26200143828099326,0.04011313034752888,0.012622194884267622,0.01325440333229636,0.017892562234156577,0.47171333049372394,9.799090875126252,0.25784515586385154,0.04662395832958721,0.57287393170995327,9.799090875126252
79,0.40207155447045467,0.45952490516377981,0.39778412892247511,0.43777946888528202,6.910913588501954,10.984121053617859,7.957967006633121,8.639590398650894,0.23601532862546318,0.2871725009540776,0.25976461838435755,0.26973772585630823,0.03896039343987485,0.010601275262830943,0.012777977964271176,0.015617129228675152,0.47388234857992162,9.730832065064275,0.26594172049412873,0.044258088772022974,0.57360239254547873,9.730832065064275
80,0.40494639395471854,0.46472877729646822,0.39766330168251435,0.44211581736311784,6.9125416029466935,10.985440121541389,7.804681522836504,8.88947467118762,0.23965856128718063,0.2917908156605469,0.26358870768564097,0.27419275393628234,0.04027003440208763,0.013345467833357487,0.013134265158870163,0.01835974647825672,0.4810795839689963,9.81410387349615,0.2701317918467603,0.048316341490818614,0.58294743562291351,9.81410387349615
81,0.40350357478443605,0.46883830205678312,0.39990472663476817,0.43972049933865304,6.879102336993836,10.845516417009282,7.892634800853946,8.485613875864523,0.23790241286569028,0.2876052185112137,0.264816749066532,0.2657034245917971,0.033050185348284515,0.006963030496793708,0.00835247616033484,0.010824303981574078,0.48298876273294211,10.127267184746087,0.2656807149534435,0.04033947100437954,0.58573164333921202,10.127267184746087
82,0.40498186032310246,0.46229221584829255,0.39625446040743617,0.44054381429191891,7.036557779880907,11.017120638419316,7.863649640456528,8.984531770301341,0.2338297717020604,0.2763603157978551,0.2569638900610102,0.2599043085042578,0.038102938239328005,0.011093860465468341,0.012061577994005259,0.01524583225882909,0.48050252365123242,10.133925998609822,0.2556973017670453,0.04570984989880558,0.58353058359481658,10.133925998609822
83,0.40720177570836014,0.46603189264493677,0.39774931965568466,0.44566068036261425,7.181368387167623,11.016821458191409,8.17355190186303,9.26667519417272,0.24098955005237058,0.28929400050736637,0.26514441258250093,0.27166446372066083,0.03792124778164284,0.010132047871743243,0.011454524424285597,0.014566250197374625,0.4835831466880412,9.949916733911769,0.2672744221684528,0.045473090981801974,0.58852344629113995,9.949916733911769
84,0.40877470594727966,0.46023430059933879,0.39645793613162894,0.4381194734745063,7.135503054232778,10.600453071275071,7.887270412851465,8.734266348023151,0.23269518583285398,0.26882954718481744,0.25569700221461183,0.25271147160326674,0.03388714869114764,0.007590531929835273,0.00849412588794838,0.010717306887211914,0.48050938437754309,10.288133494470326,0.2483602049507233,0.04276624907970386,0.58486476352652872,10.288133494470326
85,0.40374410626479001,0.45941160822478583,0.39664777414869418,0.43129038817931842,7.213991595674278,10.59452126682089,7.934119698520146,8.376888000555523,0.2312098389030744,0.2660908975899639,0.2567565857634377,0.24561547412590948,0.032399258316428814,0.008580636965388522,0.008982235825022236,0.010593982126129626,0.47753489040912139,9.939439049522642,0.2458541959065376,0.0426570337766133,0.58333676906700005,9.939439049522642
86,0.41035089157731536,0.45991962896569055,0.40039639294177304,0.43629234206173062,7.21449679571227,10.81102643525526,8.126419328936736,8.575869343313347,0.2311388777867357,0.2558939000762317,0.25447225638899185,0.239468025275825,0.033825769272462614,0.008828645920323735,0.008627427836736649,0.01225056188133288,0.47775090698660977,9.7669966565798,0.23615180774902053,0.044022955381080545,0.58251336644198326,9.7669966565798
87,0.41678772854848711,0.46504863672717339,0.40586312745997122,0.44386975405739088,7.380055081315773,10.779320340341869,8.070959118432363,8.953146033602932,0.23695229005943133,0.25653587411200823,0.2605032177746156,0.2402596644722443,0.03304756337042961,0.009645926688681921,0.0077288728805657856,0.012787122448787259,0.4838597633530104,10.081929849637625,0.23670552303517564,0.045437109418544286,0.59095743439404413,10.081929849637625
88,0.42091148672034595,0.46198032041265991,0.40905881444115533,0.44400645105342562,7.614253751959123,10.564186037157794,8.088593232310306,9.06031513341248,0.2400603021966885,0.2564237299035675,0.26418055306096655,0.23982847259735587,0.034991930444950546,0.010883619787025513,0.009218544998435054,0.01545535122173178,0.48267371428385258,9.729951363628516,0.23625495048328485,0.04634162551669792,0.58932720014519502,9.729951363628516
89,0.42069185658735003,0.46811023856432199,0.41345637656004752,0.4419641095430123,7.647948006852115,10.990874296446552,8.430355394407506,8.908498760445713,0.238931295473892,0.2542828304865642,0.26561502131334114,0.2338656857686719,0.03278063385397947,0.011522613067930433,0.008992913112780923,0.014126333226832457,0.48639102277030655,9.826690772961648,0.23409345845077367,0.04635213271681905,0.5925017735524496,9.826690772961648
90,0.420337335252915,0.45987446037311425,0.40839212152482257,0.4402466762305336,7.406234069299051,10.720648393507467,8.182870475923691,9.40781524015832,0.24345237680276471,0.2551924534111693,0.26795982933943224,0.2383372772198935,0.036154579849815044,0.014119713829033497,0.009940647405765456,0.018730922027656666,0.47947075265009098,9.567136462563882,0.23483561018438207,0.0504946841681426,0.58623533985439014,9.567136462563882
91,0.42728731916816998,0.45976159480385476,0.41499966926127901,0.43775510533608863,7.554674671913773,10.827689843761107,8.482723636868174,8.905625090181186,0.25014881675124817,0.2580464860337758,0.27468325024787366,0.24176990726393474,0.032631605512080275,0.010473585745744321,0.008307122904141994,0.01280212470234092,0.48055537277494814,9.431767283826588,0.23720264409052952,0.046731049698576416,0.58809322287490406,9.431767283826588
92,0.42873018935381552,0.4671200819267004,0.4181773426601606,0.44558354635505781,7.7375248719188185,11.122113933368631,8.818672009634431,8.920498289765417,0.24925908962519086,0.2540443969369905,0.27319048528312384,0.23841187725770066,0.03328330205544578,0.010582933575075283,0.00925415425209373,0.013513929492112184,0.48474969433141168,9.616617037883472,0.23382203750499256,0.04591340600100811,0.59218447641451855,9.60729822575724
93,0.42555748598581805,0.46090391438577816,0.41847794446647835,0.43644197330628476,7.998225062075947,10.850603979826431,7.99640750865907,8.39573190909385,0.250259421016535,0.25721089204928393,0.27589910706963544,0.23855447608614214,0.026304483431873905,0.005422457171724661,0.00495712691287062,0.00658027071399548,0.47918508120733216,10.130116406870853,0.23757989808683994,0.03833253754828647,0.58306174750208473,10.130116406870853
94,0.42807176717643919,0.458311080438215,0.41120124071614333,0.44359726076915396,7.831731687346176,10.71557407058611,7.686736404726193,9.35861489571548,0.2532348475149885,0.2584927719535734,0.27647229903596376,0.24417639490532,0.031088558962244574,0.006588957871146661,0.006905919355318999,0.008647094863318636,0.48431772009295804,9.810085655858664,0.23780664658194872,0.043178607281500254,0.59393176770726064,9.746281663406329
95,0.42885436918075687,0.45867367970599865,0.41358071071113911,0.43975981480549903,8.018481246595734,10.574808620394826,7.922259046636301,9.081708792777613,0.2561977781293372,0.26385689065117196,0.27977592969327425,0.2488225545221836,0.03086195795960582,0.007750289844997876,0.006926779347997672,0.010802862398866806,0.48398066634834364,10.047747667681879,0.24323192485041628,0.04268260378267752,0.58858703663335898,10.047747667681879
96,0.42427075714491458,0.45482560026350366,0.40937509624054996,0.43743421025985346,7.966165869391757,10.77319197602576,7.748620661291092,9.598657262011328,0.2504720074626766,0.2541885793041135,0.27373858225157893,0.23943637570134185,0.030138542341563435,0.007535256043801524,0.00658058405539345,0.009586959867819425,0.48022524537374572,10.134317816845634,0.23399122306460104,0.04314061090329148,0.58823380779892953,10.094185968450434
97,0.42379348367808223,0.45819432447093783,0.41278941509138722,0.43768252353988329,8.056474539831802,10.907810604664585,7.809862122070066,9.455841905385473,0.2524063539187802,0.25639112305417444,0.27871062014629655,0.23708628546251026,0.029330190969184537,0.007681189173403498,0.006089456780323275,0.010033019377062193,0.48206006869974638,10.128854036804197,0.2361051155530454,0.04305208845231802,0.58873772730591323,10.12261912033187
98,0.42966283060932237,0.46286053216482431,0.42034159483520561,0.44696680949317641,8.009721782881275,11.055671200333538,8.025785019561411,9.490130686337022,0.26089295045421423,0.2602514104349776,0.28521449068092825,0.2448275534854496,0.03160034297054933,0.01021087757540694,0.007877185191956374,0.014455796969851878,0.4825041630100021,10.02436733452281,0.23950806964234517,0.04404098660144066,0.58417657908373077,10.021426483612258
99,0.43312266703913355,0.47124750815440614,0.42599584560261167,0.45194845753971741,8.129017460641414,11.760175973539543,8.364960579967057,9.308884032227155,0.2640696022059665,0.26659261542212376,0.28947963982192726,0.24937523668833508,0.029083058135320496,0.0077987210846605344,0.007015171478831712,0.009741673478890467,0.48818843343810753,9.890329495261796,0.24500382559367692,0.04208284951179376,0.59095390448977037,9.883564520619577
100,0.43283973931986408,0.47109517724715499,0.42319450868688546,0.45048819048835476,8.37891483274346,12.067246608661693,8.379987880967176,9.740096871135794,0.2623593671298471,0.2593845913848089,0.2866809196436296,0.24363314675767453,0.02733185451649144,0.009202542216267078,0.006965052423947985,0.010282861827432491,0.48818031018375063,10.321894822144326,0.2387101081127566,0.041246836785995784,0.59033049463175158,10.321894822144326
101,0.42977511981211614,0.46336497862612247,0.42163742571315127,0.43695924903676026,8.318912713296816,11.382702110474051,8.71815289609156,8.750861355991487,0.2646200140415135,0.2615072392647007,0.2911348512977039,0.2421434502544294,0.028660855013415934,0.010314792019194947,0.00923828296505997,0.01065779700674664,0.48385992254945043,9.781651955442163,0.24137082900633555,0.04196735097584641,0.58418617642558535,9.781651955442163
102,0.43478284509243609,0.45559045839278123,0.42056837725366347,0.4365341094301845,8.391849486484542,11.220963927669144,8.610040016127071,8.757601222124306,0.26402197714258174,0.257035597620849,0.2870902481326384,0.2426586853224464,0.030188724785087814,0.011463544414492254,0.009455917355231085,0.011851370383488748,0.48122898156032012,10.331997157373292,0.23689448790586368,0.04512528996342457,0.58339765741587268,10.331997157373292
103,0.43449624913439405,0.45187793229287027,0.41959486104166044,0.43706909860590276,8.1452175863114,10.61533034065295,8.16188183910105,8.69994990560222,0.2642595214634213,0.24317202987822412,0.2865030131838976,0.2304504629948697,0.029908211298091427,0.012102054885418235,0.00994343595714486,0.013171289116136757,0.47974239680612968,9.911882062465287,0.22432511968978355,0.04381326805241472,0.57844827361320972,9.904982064404328
104,0.43606333430398708,0.44531117794241032,0.42104398081326455,0.42854989806489402,8.340657672527195,9.676823055704073,7.793060748440592,8.144332628024332,0.26722060448517654,0.2400974021740023,0.28900342029796944,0.22811906521734418,0.030781564301596693,0.009108234048453434,0.009526734801375511,0.011907661694021488,0.4746405502898503,10.099545641919729,0.22167515897497603,0.04175109073787223,0.57339334918635709,10.099545641919729
105,0.43441684458377366,0.45553738219217244,0.42483791560831008,0.43059212875503461,8.561366175021028,10.271555047975195,8.04301685044525,8.153161393998824,0.26596614145461395,0.250707593912382,0.2904308183979845,0.23406055234180573,0.02402743905694849,0.006317020201946701,0.005187660732722616,0.006851979128112811,0.47734040774124148,10.32850281669143,0.23188858989317898,0.03712946483976148,0.5754639712160905,10.32850281669143
106,0.4364425701758321,0.45898218152946263,0.42829895437891574,0.44108417330180349,8.437964558821404,10.198400599472315,7.7593191507035835,9.031912272715644,0.27125327434691004,0.24700940267016788,0.2937859232293711,0.23400934588711964,0.026380620090118465,0.008463006607230747,0.007117530739492509,0.010437502353387898,0.47512762334230496,10.204221252765358,0.22800433179098037,0.03856223437643347,0.57364807607292934,10.204221252765358
107,0.43569657716483079,0.45554233423573737,0.42373101671337404,0.44041566617356215,8.735186292772541,10.432979042893257,7.432318398195072,8.986346311114755,0.2748580933317608,0.2505622197482454,0.29616702011431484,0.2382068901489004,0.02311566010152624,0.006519299911929343,0.00440925068210975,0.008156182835354554,0.47650691335292078,10.458211526806174,0.2325412128732157,0.03587624311791799,0.57103140244533102,10.458211526806174
108,0.43290392300372266,0.45243656979909491,0.42777156803885363,0.43607973271063211,8.916710937719142,10.110909780259988,7.979183687632129,8.655710288706915,0.2693619141543294,0.22711045095076812,0.2896787841768176,0.21656359376220324,0.02173393870389935,0.005667186866739381,0.005334729902201942,0.007402475311021177,0.46532124070998615,10.471396593206933,0.21066814529010475,0.031421947143494805,0.5574502337543108,10.471396593206933
109,0.43279665833296282,0.44976445538913495,0.42902640701912798,0.42854052699750994,8.981406010307644,10.073764957767445,7.580979206460885,8.26583719058178,0.26892449566639387,0.2230511198883009,0.29126966374717667,0.20979660493219296,0.019917270186108997,0.005052516203217887,0.0050209805330471285,0.005248410447551021,0.46360315138382652,10.212941597411001,0.20706951485368702,0.03016067522044484,0.55258528621353786,10.212941597411001
110,0.44217466170989195,0.45330141116131878,0.43220072496251905,0.44157940042998106,9.0154322032923,9.050615540181338,7.843672374904627,8.644175105567516,0.27949767934730946,0.22182933254927545,0.2995597253622062,0.21246833939190474,0.023667725525203864,0.006871726551462999,0.006064767945697611,0.009269946646645918,0.47155835902062282,10.238567658850213,0.20549864553521954,0.03452123513666102,0.56194186277874825,10.238567658850213
111,0.44029309676214412,0.44431760358710853,0.42626791741648157,0.42936089439362263,9.03043510146288,9.379298211981238,7.3613385013971016,8.229889682985855,0.28552573158991007,0.23460563700025655,0.306661264210541,0.22382385322487097,0.022397836016981417,0.005584314064866724,0.004930843559636284,0.006255742580918916,0.46819654069896316,10.199967240448919,0.21727349945417423,0.03487840312371914,0.55919598148865846,10.199967240448919
112,0.43814739671201591,0.44687522812457425,0.43310156912256731,0.4330001358438833,9.304078428016053,9.471830878185031,7.818253953009526,8.407773847091596,0.28199685152097553,0.23143605979524728,0.3015154833050643,0.22201485776612162,0.02011022251945813,0.005346994164460186,0.005372606572996842,0.006371653914950822,0.46150873406707632,10.765642472761014,0.2151749166873145,0.029319673831484285,0.54225162951556238,10.765642472761014
113,0.4360502584687474,0.45100622251312716,0.43540201172506282,0.43297946777727053,9.391517043077593,10.11211085023943,8.471577747920717,8.334320107030486,0.2847784126405911,0.23638762323287227,0.3053761764157398,0.22476144340458373,0.020763394195627283,0.008935754912030105,0.007482670258328934,0.009284174865411008,0.46127750768233078,10.929476416356001,0.22047172558772055,0.031163985803382765,0.54098236622506712,10.929476416356001
114,0.44174802649722861,0.44883026917623392,0.43594651182474964,0.44017771171086079,9.413068983426545,9.834478753698253,8.776501809311428,9.260199784002506,0.2919999897148841,0.24543936439999606,0.3115299265336554,0.2355564007036734,0.019665881189702746,0.005445328832397138,0.005588880919044067,0.00650735035299216,0.4651247194544274,10.829596601428143,0.22831653508296057,0.02884659932217689,0.54453403143872947,10.829596601428143
115,0.44322088609611648,0.45413166834550489,0.44044977281275066,0.44630553300284953,9.554294103028852,9.883291384649272,8.698718885048658,9.388911721367549,0.2944105049704762,0.23971542250493985,0.31340138511631,0.23102776344536324,0.01866617665472861,0.007039770641512202,0.004830391863408779,0.008387070485760683,0.46327752279285384,10.944103092430787,0.2231169976985016,0.029300373138271864,0.54153922749694028,10.93907569079319
116,0.44398293645406628,0.44974008509132679,0.44137067233270716,0.44273813987379856,9.99357215046425,9.443064815340605,8.406554446487712,9.05468940716921,0.28945470300773923,0.2150446773719885,0.3068978938385897,0.20783477213497822,0.016539712925862458,0.005853861424270551,0.0038221250009123882,0.007490663793360342,0.45815811783739263,11.24845783275581,0.20093535182411423,0.025988456255598022,0.53130839475395675,11.24845783275581
117,0.44679708568934823,0.45536678197487457,0.44766670910671014,0.44341201187823381,9.716445066634726,9.674724588334684,8.421931368947753,8.726079060974682,0.29309880867330623,0.2213758258337676,0.31197904409296645,0.21224800010888176,0.015202224722099303,0.006785907091816722,0.004179552466079555,0.0066416822847584584,0.45986217045760519,11.492748679337476,0.20694543491652403,0.025830164740704913,0.53036724129226998,11.492748679337476
118,0.44612095284564995,0.45531650318298134,0.44815822197163707,0.44713688767563453,9.167223640851986,9.657122955338561,8.200563842891613,9.24278881305575,0.29728090219130443,0.2155753025449372,0.31483659141007764,0.20826763706183377,0.017254981812219045,0.009958969211143184,0.006075102825713205,0.01070228065634258,0.45555134019975713,11.000954600997662,0.20172465478856824,0.028330716360138265,0.52666928462372309,11.000954600997662
119,0.44252651171436624,0.4598786858412795,0.44698986171850086,0.45286248227275688,9.57783074319842,9.804426509501793,8.133995922820532,9.320145985724297,0.2992989406477045,0.22575775264337483,0.31792690919875105,0.21832681167478785,0.01760919550094915,0.0103953677856767,0.006248814770683434,0.010638517438024665,0.45552375361575698,10.862776643545999,0.20984770865435895,0.029538552805488796,0.52872486637153815,10.862776643545999
120,0.44202929156279996,0.46125331566449196,0.44594337465865852,0.45511901684720607,9.32923024063459,9.459199409467981,8.985624465301038,9.229541265730216,0.2964989829405445,0.2126896993081847,0.3143274933068061,0.20607343764859393,0.018319107817584484,0.011975592067264389,0.0068292825119280216,0.012334825948219358,0.45647423028214928,10.731190209870835,0.19762689655297314,0.031483185285438364,0.52773560625850291,10.731190209870835
121,0.44334723557721506,0.46531560019935031,0.4524207312249518,0.46104850535613667,8.252439363712506,9.089060633950353,8.77075328438303,9.101318650780348,0.3001670566050006,0.22512990836408267,0.31852040393319303,0.21672177328961711,0.022329718538616056,0.019248541297963613,0.011707524628217964,0.019782960711341897,0.45712899117615202,11.305044209349422,0.21036372234171702,0.036720481487851356,0.52318477246015882,11.305044209349422
122,0.43503444074488784,0.45549563457383391,0.44453788887399187,0.45040738115169454,7.893196270438554,9.542499653257838,8.559960052682248,9.47595390369356,0.29599630977750274,0.21995992297753256,0.312970476767481,0.2131872351751184,0.023371074997408516,0.020233318342574306,0.01167877447680784,0.022966558779643372,0.44661110292848361,11.27674255379345,0.20562185721152995,0.037224885278511505,0.51166394691018091,11.27674255379345
123,0.43413965268842741,0.45516679630740697,0.44302623440851407,0.44940625872750084,7.976300309229525,9.716615183739775,8.701744024161089,9.209174342546481,0.29686457099728364,0.21492118313900474,0.3131789571241944,0.20872723593895778,0.02842849462892457,0.023840345671739094,0.014231981512953627,0.031230411922718988,0.44684282900700345,11.534540148430182,0.20139996651184447,0.04053950566688452,0.51072474526729128,11.534540148430182
124,0.43195231540063994,0.45307380926261609,0.44118380754530517,0.44633978467639385,7.851388049602547,9.776880816235428,7.984178126841792,9.147990402828105,0.2939915793736344,0.21399348237302204,0.30978159034498864,0.20788865893639263,0.025414624402738614,0.02149890741142033,0.013071632215266426,0.026675767763903648,0.44390501015736966,11.343006460751065,0.20066379516882285,0.03747720820931015,0.50998191118393532,11.343006460751065
125,0.43555887772638019,0.45063703241225261,0.44845520016063328,0.4422930243305444,7.619432859496974,9.663198073799618,8.290904360052206,9.138326024015946,0.2969435712825534,0.2173438433016924,0.3134551104614212,0.21004938698376724,0.02886107184171499,0.02375290117432297,0.01585988237192222,0.030443593084071553,0.43823511873977999,11.761349714451669,0.20433355385154195,0.03931655216688061,0.50061851400042756,11.761349714451669
126,0.42614611574375916,0.43640858993251769,0.43438440308072329,0.43087799441130165,7.351240722733701,9.062438481227323,7.957735796293304,8.718160552242278,0.2934422567031075,0.20510874113629107,0.30849485115739844,0.1992732595369526,0.028033618072436744,0.023583407063199783,0.01524985171291468,0.030473035966638543,0.4302250782409533,11.41274873765956,0.19331186862642938,0.03846404134840944,0.48945997479020265,11.41274873765956
127,0.42087493758405375,0.44226092095422359,0.4351479757552511,0.43584617974899731,6.568951171740171,8.910177591039265,7.587017334425545,8.709865922865916,0.2838516558027022,0.1983265780891609,0.29757247110945834,0.19302783315779623,0.029398244210097697,0.028686362570958475,0.01735242931191953,0.03446655787261426,0.42579359519972326,9.216176225859114,0.18768982763055972,0.04293413312992595,0.48189645392639857,9.216176225859114
128,0.42294737487398604,0.43756356764905946,0.43335942018262552,0.43224179684362696,6.903022232013453,8.967979268178363,7.889210336851373,8.494235016490494,0.2880394740637431,0.21489062039546541,0.3008254322798921,0.2105130563591739,0.03209282567986482,0.03210578527226681,0.019518999406005124,0.03856434459097787,0.42839000472783084,11.412121832926168,0.20354706337054626,0.04638796100105006,0.48399794299055215,11.412121832926168
129,0.41933928718714125,0.44426540281327681,0.43234889288109357,0.43758381555963893,6.880822045170342,9.647354125750258,7.973552133144686,8.955148096052968,0.2803330959767513,0.20639223956460628,0.2941409136155879,0.20043484998026004,0.031144049575282037,0.02506489710911801,0.015622593441986238,0.0368233410829638,0.43263440924241142,12.924845475964291,0.19537535666005865,0.0397514244058423,0.48870232761409954,12.924845475964291
130,0.41792835143787394,0.4454039120654526,0.4336848414636017,0.43928715912916538,6.992782257266204,10.56350197284625,8.830521094561822,9.250934785470005,0.2814458580531486,0.20386067853276382,0.29411714907742925,0.19893369322093765,0.03386982732385308,0.03070965516566348,0.01956776636853028,0.04086452412813503,0.4282854457732132,10.267735501700495,0.19335419817142943,0.044883131013952686,0.48312838119315682,10.267735501700495
131,0.41481780294451226,0.44759124905096087,0.43247790619079945,0.44073253474154589,6.884888667254207,10.2333174542648,8.512822227938397,9.206089020034717,0.2776366695159794,0.19533055723643258,0.29082649873536065,0.18977965671228195,0.034507036516177286,0.03377626101175612,0.021011697033372596,0.04301819911175251,0.42672081733793149,9.804064175139617,0.18506369098160627,0.047595684181492605,0.48286899546451334,9.804064175139617
132,0.42180441620715176,0.42875648731344829,0.43173072899652748,0.42308522138349103,7.012801090164467,8.787456860713112,7.9078734658166185,8.070560139323128,0.29911989036652775,0.2105000991900419,0.31315050012178974,0.20466300905226514,0.027313157965410763,0.02364512388227038,0.01495292471464754,0.03060922186072799,0.4194815378923884,11.79403883545799,0.19897729830483385,0.03867605504779703,0.47753990536277818,11.79403883545799
133,0.42123491174576277,0.43315889598960394,0.4387040227983755,0.42677993656386737,6.78498382227212,8.319234526504625,8.233617836260528,7.760714984296045,0.2902460005734734,0.1783542345325448,0.3043252874133982,0.1726773303014146,0.03230393456907416,0.03859510137353304,0.02201763327606858,0.04305473085496023,0.41239210933442805,7.602645806914326,0.16861454301797346,0.05183123095162365,0.46765377832494209,7.602645806914326
134,0.41648802722188477,0.42973585399397224,0.43260168476098265,0.42500915240745168,6.571056499083473,7.923418843862204,7.940046452268892,7.765735957233644,0.28717134508712533,0.1786848267528843,0.2996796001176738,0.17442718302741606,0.03741742954177391,0.04507162229565345,0.026678014094358778,0.05097354681388723,0.41003808347610948,7.052146853291158,0.1691855182030304,0.05753439629764233,0.4644092812205356,7.052146853291158
135,0.41539374956698577,0.42954857818578274,0.43697977066979959,0.42475568174627248,6.2325416335263935,8.139892332726294,8.017970761864888,7.738497109287982,0.2853319767578754,0.15968264451338116,0.29741161299981417,0.15613527365394236,0.032323205608900014,0.037099436123379126,0.022510465825808165,0.04234597211354532,0.40139252314780099,6.814327987505252,0.1511237257545519,0.049021917552933524,0.4557237450285514,6.814327987505252
136,0.41457153194267116,0.42613524724213275,0.43547822944251413,0.42134075264092002,6.555738359590038,8.416514335785429,8.048847901111603,7.763256546579787,0.28371551372450765,0.1565800378184622,0.294758406046311,0.15321151432632843,0.03491559829070165,0.04073847408568095,0.02474015678490228,0.04811039028793936,0.39848038721755025,6.555042249844038,0.14887994426183662,0.051435533411110526,0.44705385709678896,6.555042249844038
137,0.41464236650129266,0.42753550817564306,0.43422121309196288,0.42323777883547276,6.883409458717328,8.677656464850049,8.202010292495464,8.438838766438817,0.2894288984966863,0.14885504728000856,0.30098421483561644,0.14552014911165242,0.036642436360129996,0.05103732509078473,0.0288327791317152,0.0526332024599616,0.40105861897480177,6.471428339384966,0.14118377743520966,0.06271369080832687,0.45009569814150069,6.471428339384966
138,0.42259091371861179,0.42999154844631865,0.44004737413378248,0.42510239273467504,7.163909207275548,9.14805091924807,8.06778862405804,8.855405586720527,0.29637418953092276,0.15419715619505983,0.3077676034579922,0.15108509535844264,0.03945906183990071,0.05152283182392498,0.03006449626851101,0.05648704677668611,0.40646128879726684,7.372373300913749,0.1461873596665831,0.06326560187683532,0.45765318695084017,7.372373300913749
139,0.4176614485109415,0.42945682695142701,0.43667883579762901,0.42479246194975473,6.9644194747700965,9.005951707145265,8.265690570412508,8.562123451397442,0.2957683624861045,0.14086186736323741,0.30738403142125725,0.13809804154523694,0.042401500126041325,0.0590066948190391,0.03363428318370762,0.06370751447099314,0.40348170423374119,6.975926027539947,0.13315192632067305,0.06963602704806156,0.45423657321384159,6.975926027539947
140,0.42317822698921626,0.4283344258830053,0.4415340778157269,0.42393707476980619,6.8954355000027,8.677035078980744,8.120114725712494,8.519534801457173,0.3122642033731389,0.16620804227501473,0.3236209888348051,0.16315442247408216,0.04360126025434591,0.062395067349199716,0.0349112644958193,0.06824750987062088,0.40241833192867527,6.968262377740776,0.15775843917024793,0.07179057632242117,0.44902322418636992,6.968262377740776
141,0.42128007370652204,0.4249178052286926,0.44032717226720497,0.41765504026679107,6.785719879828695,8.367078207196593,8.419938609135485,8.205760653501933,0.30472696468684274,0.14495765460122512,0.31730150479520125,0.1406300179015166,0.03431967996677762,0.03835557452600225,0.023238098703975637,0.047281449921140285,0.40062248787667792,6.852440555387416,0.13778273626330237,0.05033794853644869,0.44743738494820851,6.852440555387416
142,0.42154083465481174,0.42131798827258299,0.44357585145115497,0.41693099334825778,6.4647129697992884,8.248186063708271,8.357222840486326,8.144655929881923,0.30868236686210493,0.13386264824667582,0.3199601761368295,0.13097197324969323,0.03817784023676777,0.04884714401476175,0.027874912007077354,0.05675212782610567,0.38988719769805286,6.452132929427315,0.12709879760414494,0.0604723050958172,0.43610023586331037,6.452132929427315
143,0.43034441556438291,0.43264633533910135,0.45067795297110175,0.4278065646804477,6.520734094348041,9.022232777455983,8.192606221916565,8.771119141178032,0.3185833838307391,0.14973620598160514,0.32992149708089596,0.1465068911449305,0.03917380220188457,0.044748991700427,0.025731757781562878,0.05840831694009406,0.40270182241873226,7.260844641879881,0.14230556180972748,0.05761984253787149,0.44925537449918435,7.260844641879881
144,0.42987076086489079,0.42766312659834171,0.44631716665460158,0.42231927545101688,6.597363877645221,8.558772712387956,8.18890925896488,7.7614216554988325,0.3088025263467159,0.14044441100881552,0.3195540835618938,0.13723154722267558,0.03945924702188588,0.049403920260373414,0.027217373896738763,0.06294225903675493,0.4058097599560046,7.214782793389789,0.13364989451921774,0.06025571757826296,0.4500291910053979,7.214782793389789
145,0.43811372958068018,0.4263275695822899,0.45433467228254565,0.42020301441754287,7.192578189484926,8.151189081796431,8.565297377492636,7.884666361546081,0.32036299381031497,0.146554998968414,0.33199098756014334,0.14244766454289579,0.02969539343895892,0.03640380553315652,0.020710653254699334,0.04184681138716658,0.40575875515787957,7.486989724189865,0.13939712592692288,0.04936001368449623,0.45278058280023531,7.486989724189865
146,0.44283876989608084,0.43439850553955967,0.46291630576536347,0.42879555940291914,7.27858362517211,7.733911270508508,9.482733803807315,7.4813730607807525,0.32280471922317727,0.1481002481148567,0.33404978354584064,0.14473776741759353,0.03692823022417956,0.046364821531001854,0.02453633768180162,0.059557461691737014,0.40569347736030154,6.38520780091518,0.140283702152902,0.059374099213170065,0.45491428870882716,6.38520780091518
147,0.43760971869952986,0.42617665476104949,0.45697364812343816,0.42251105132697619,6.671365822505168,7.690669976085753,8.880061844668369,7.282664002204287,0.316496895703993,0.13953179710164235,0.32632388355909236,0.13668779722028898,0.038960212797950276,0.05106408345704304,0.026804495486441614,0.06450786749681922,0.39870781069074862,6.577751841753926,0.13301850450975167,0.06308618608684952,0.44482015609383918,6.577751841753926
148,0.44307242033376293,0.42992175773434765,0.45883751671702128,0.42657769269645723,7.052055003653972,7.77786954693964,8.896865932843465,7.4303051147110475,0.31827485610428297,0.12759687233890163,0.3280410706454663,0.12498058651268401,0.039638388536932585,0.0587479977589438,0.029261271948786482,0.06875145691713581,0.40813170038318558,6.833533454247128,0.1215442556257149,0.07039076941046477,0.45405076981407833,6.833533454247128
149,0.44264189908231449,0.43838895926720939,0.46241694846079551,0.4326619301071053,6.868367497822271,8.04301555310458,9.086765343402368,7.904509426418052,0.31714634256536106,0.1263889921754255,0.32818892141832245,0.12268655287887592,0.03633217541872558,0.04695948192869031,0.0235062970613723,0.061366911417956575,0.41080914196779456,6.72685057926945,0.12018053965858849,0.06049415129272973,0.45717204912581333,6.72685057926945
150,0.44235400946113596,0.43441350792726291,0.46213407652812871,0.43061120821782789,6.879385768756187,7.90755830366922,8.961978399331665,7.617504787376284,0.3367075703215805,0.13527280298810992,0.3469345853390508,0.13302513388053783,0.04054537260818549,0.060520080891091364,0.029364775120959835,0.07157203638590189,0.40514762561748324,6.3420690307866705,0.1286197666830514,0.07345066510023056,0.45049328106995135,6.3420690307866705
151,0.43773814890198232,0.41570820605784564,0.45529198856669501,0.41247635058448467,6.979358497539259,7.626737432139702,8.778294675160893,7.280100276223812,0.343451729196814,0.14809998411753203,0.35343189486152676,0.14495600619352914,0.04106582165532098,0.062152181945620555,0.030638093009226854,0.07284247276395911,0.39089668235611658,6.057685501006046,0.14156809495429978,0.07349510686684069,0.43180718193526108,6.057685501006046
152,0.44328750493197006,0.40294318956185843,0.45977257831487744,0.40002994415398319,6.837807977188555,7.757593084237486,8.859278466131922,7.390557495845503,0.32477026674331844,0.12122466296187887,0.33472384489647256,0.11850427412757282,0.03883807713065761,0.05835381968107739,0.026965533523090952,0.07226688145232796,0.38016649786725604,6.910920731623152,0.11509500795342034,0.07136300853318814,0.42510366001378358,6.910920731623152
