Period,"Gini insee, all income","Gini insee, labour income","Gini insee, labour and pension income","Gini insee, labour and family benefits income","Decile ratio, all income","Decile ratio, labour income","Decile ratio, labour and pension income","Decile ratio, labour and familiy benefits income","Top 10%, share of all income","Top 10%, share of labour income","Top 10%, share of labour and pension income","Top 10%, share of labour and familiy benefits income","Bottom 10%, share of all income","Bottom 10%, share of labour income","Bottom 10%, share of labour and pension income","Bottom 10%, share of labour and familiy benefits income","Gini insee, labour and IFE income","Decile ratio, labour and IFE income","Top 10%, share of labour and IFE income","Bottom 10%, share of labour and IFE income","Gini insee, measure IFE impact","Decile ratio, measure IFE impact"
49,0.39039192760839192,0.46301738897615341,0.40900972005851954,0.44144214909410839,6.838276816882871,12.162054054152074,8.34217525648871,9.52189246398578,0.2342381001258001,0.26814869679725206,0.24354705124651896,0.25468388946766446,0.028269417021251908,0.025369922868086495,0.02276367213137001,0.03246430854760533,0.46301738897615341,12.162054054152074,0.26814869679725206,0.025369922868086495,0.46301738897615341,12.162054054152074
50,0.38956462201933217,0.44116980185082943,0.40405668296873509,0.43035080481398114,6.786672798358292,10.434186174668957,7.986385483074552,8.775876956264469,0.23117053896483392,0.2554926504260123,0.2380775947134033,0.24555668833396957,0.029582788909000284,0.024052757180245965,0.022980148222375867,0.03285942246933605,0.44116980185082943,10.434186174668957,0.2554926504260123,0.024052757180245965,0.44116980185082943,10.434186174668957
51,0.39212689140872592,0.44190121922485059,0.4080916221439102,0.42902998959826383,6.810706484861911,10.563305860068995,8.158675593127466,8.571254229883557,0.2331967922333862,0.26121739732865623,0.24133808554789124,0.24969291837871774,0.030973643979658474,0.02325843380539563,0.02356549818549217,0.0329596660634514,0.44190121922485059,10.563305860068995,0.26121739732865623,0.02325843380539563,0.44190121922485059,10.563305860068995
52,0.39485002170871514,0.44697429128943844,0.40974049909589572,0.43324477372126957,7.03190492902659,10.783474295032725,8.454170275433976,8.630391960120551,0.23465645428236026,0.26161741316645,0.24189625059463346,0.25118701470193405,0.030408353334215855,0.024461762066106202,0.02339236051999586,0.03376518714189415,0.44697429128943844,10.783474295032725,0.26161741316645,0.024461762066106202,0.44697429128943844,10.783474295032725
53,0.39335689829533516,0.44754578633070707,0.40978499332680224,0.43166121086091547,6.649743087540436,10.567774243039015,8.27504659089705,8.358702981455638,0.2352168546393877,0.266544058168133,0.24363042377871869,0.25452096757620113,0.032802209371019936,0.02435958430973135,0.024396433538235313,0.03534068631159816,0.44754578633070707,10.567774243039015,0.266544058168133,0.02435958430973135,0.44754578633070707,10.567774243039015
54,0.3927493498869104,0.45107732275637247,0.4090705407122131,0.43716795355112698,6.67282319048861,10.769956332738392,8.218306841057778,8.682974744467575,0.23568383479475524,0.26638429880764763,0.2440505273570783,0.2542807835829558,0.03276244626740037,0.025660627377099073,0.024675982293790893,0.036333288659161175,0.45107732275637247,10.769956332738392,0.26638429880764763,0.025660627377099073,0.45107732275637247,10.769956332738392
55,0.39770749514419695,0.44913310949438195,0.41319398110035582,0.43564254236997502,6.664292329902376,10.408204392453003,8.291149536936066,8.511259535686213,0.23636769656552561,0.2695528706850818,0.24417807366593783,0.2582995582254253,0.033050102246350015,0.02503459695260416,0.025511848404466762,0.0348933898773061,0.44913310949438195,10.408204392453003,0.2695528706850818,0.02503459695260416,0.44913310949438195,10.408204392453003
56,0.39019777773326381,0.4456451897573237,0.40907072871338812,0.42540414831660939,6.6461287024222555,10.132014132912762,8.236802629913464,8.011257463977678,0.23129731598745165,0.26124539579596595,0.2422302218547632,0.2457156307048594,0.03236306368685529,0.02598606476195595,0.025136110903271773,0.03545145156602451,0.4456451897573237,10.132014132912762,0.26124539579596595,0.02598606476195595,0.4456451897573237,10.132014132912762
57,0.38914081731559758,0.45156418148225824,0.41049133826061657,0.4265564981678755,6.3605340026359,10.49962704232615,8.167735301890517,8.131284458909382,0.2366912325655962,0.2741142282211088,0.2494081024430929,0.2558443978385599,0.03299348988755399,0.025663527780209496,0.025920672153213684,0.03492137994646621,0.45156418148225824,10.49962704232615,0.2741142282211088,0.025663527780209496,0.45156418148225824,10.49962704232615
58,0.38541296636781924,0.44504891717120443,0.40458854994140414,0.42296072136615182,6.386736578627723,10.524199569289653,7.844930895103009,8.099270861798942,0.2338207957529738,0.26631380838495455,0.24466105846615777,0.2505875443020368,0.033387522880485125,0.02721815886796192,0.026356961879902024,0.036531342568048436,0.44504891717120443,10.524199569289653,0.26631380838495455,0.02721815886796192,0.44504891717120443,10.524199569289653
59,0.38714468182740591,0.44374010014444382,0.40366090885979711,0.42566422716813029,6.4705055115018375,10.20972988499784,7.907142361692025,8.475021505310814,0.24081275078913575,0.2756221308785519,0.250775870174778,0.2612212491072047,0.034838171698393844,0.027727369105964978,0.02710737409358515,0.037855644553503674,0.44374010014444382,10.20972988499784,0.2756221308785519,0.027727369105964978,0.44374010014444382,10.20972988499784
60,0.38596833364428834,0.44460492327662021,0.40379305440059576,0.42346135507326504,6.473297821187314,10.10760412986979,7.922181634163284,8.076788099781735,0.22960843510774104,0.25624793600897816,0.24006331849634716,0.24140164727078722,0.03341184452112616,0.028164218026461487,0.02616026298446284,0.03769448876377647,0.44460492327662021,10.10760412986979,0.25624793600897816,0.028164218026461487,0.44460492327662021,10.10760412986979
61,0.38553276648247703,0.44593791905408292,0.4058498823237624,0.42166944198053091,6.304486884776502,10.119995031441421,7.880608605970627,8.069022732570277,0.23557808072489447,0.2732286508240307,0.24766589923089333,0.25575090421415997,0.03419425067522752,0.02582926820040529,0.02675339708110778,0.03563914677365329,0.44593791905408292,10.119995031441421,0.2732286508240307,0.02582926820040529,0.44593791905408292,10.119995031441421
62,0.38068346604340847,0.44194072557961162,0.39916963951534318,0.42141786284247651,6.4012863924468775,10.254614313573482,7.85446201174332,8.350536848944053,0.23054648955750306,0.26579045182329114,0.24107543405339152,0.2504347895631721,0.03580178876747387,0.028191396823589454,0.02718520847594989,0.0395312491647363,0.44194072557961162,10.254614313573482,0.26579045182329114,0.028191396823589454,0.44194072557961162,10.254614313573482
63,0.38218090640808222,0.4415750674627768,0.39928828407083244,0.42058466044401183,6.342480451830333,10.266343823894479,7.719950879198444,8.219563286752662,0.23332072239354065,0.26708948397658216,0.24346836541800973,0.25244066564972084,0.03386315928811371,0.028705033222643256,0.026515954761133765,0.03825205067957915,0.4415750674627768,10.266343823894479,0.26708948397658216,0.028705033222643256,0.4415750674627768,10.266343823894479
64,0.38722223863730959,0.44425719954554754,0.40480714472959267,0.42210459062234257,6.441513399337592,10.152192316765827,7.8231343547864665,8.139924948387948,0.2333625652621995,0.27547510522904384,0.24374026525069842,0.26015943302461636,0.032949561926039254,0.027203548918446886,0.026460967776045303,0.03563374740640754,0.44425719954554754,10.152192316765827,0.27547510522904384,0.027203548918446886,0.44425719954554754,10.152192316765827
65,0.38155693149317738,0.44393106831652784,0.40298744402892928,0.41863683116294853,6.150027817218869,10.265501992208895,7.734734873023165,7.851445023941533,0.22916149977049205,0.27265715392831397,0.24179879232594076,0.2540649182667825,0.03536007291441091,0.02741711903628555,0.028122898298290455,0.036905498763578494,0.44393106831652784,10.265501992208895,0.27265715392831397,0.02741711903628555,0.44393106831652784,10.265501992208895
66,0.38448815793117502,0.44686377531537369,0.40538485109909256,0.42273791943523864,6.219588449820722,10.703253184441627,7.86465855579103,8.147079757584795,0.23014649926181116,0.2738407643661354,0.24185405905379118,0.25652487921716577,0.036482222503959355,0.0283134759868382,0.027902067249728765,0.039494687273559814,0.44686377531537369,10.703253184441627,0.2738407643661354,0.0283134759868382,0.44686377531537369,10.703253184441627
67,0.38179046001488043,0.44629157143317011,0.40156113014888623,0.42263613981028747,6.326439390889749,10.635881694583995,7.985419710144566,8.153804684581502,0.2270677665926073,0.26140420854596097,0.2380463231358125,0.24552029464163488,0.03521383114534404,0.029396201210279818,0.026842760665422235,0.04026975814581364,0.44629157143317011,10.635881694583995,0.26140420854596097,0.029396201210279818,0.44629157143317011,10.635881694583995
68,0.38187164572016813,0.44608744994309457,0.40309389094656212,0.42015698710292038,6.328027320183186,10.480580277710024,8.017051266624428,7.894272598985883,0.22364210216871366,0.2563724827426942,0.23507612520333945,0.2398667044350672,0.03495090315561868,0.029463956906773815,0.027715904425792755,0.038925813169912823,0.44608744994309457,10.480580277710024,0.2563724827426942,0.029463956906773815,0.44608744994309457,10.480580277710024
69,0.36053033059469153,0.44465095393301618,0.38354100137668223,0.41733702228753583,5.870805122160339,10.312697341676063,7.538269956923647,7.528141709619313,0.22600255314682602,0.27111876339080626,0.23921276460729324,0.2507574591926996,0.0360629194224954,0.030453805671221187,0.026540115398476633,0.04309603321048388,0.44465095393301618,10.312697341676063,0.27111876339080626,0.030453805671221187,0.44465095393301618,10.312697341676063
70,0.4472770162620644,0.44974259630835861,0.39519382019275345,0.43261677845087548,11.864215953250753,10.741563414760636,8.151877186357869,9.025106196411826,0.2559793794433915,0.31922281034983324,0.27960476932404116,0.2997447535930809,0.025051742433967288,0.0011542461692428526,0.0015280364090133733,0.001859121848505,0.53454048690708789,19.176761983240763,0.29931281237234075,0.03481348602952435,0.61194480928154393,19.176761983240763
71,0.41930572521678716,0.46474432884799211,0.40738931926004224,0.44472020857262273,8.475708211826621,11.421010393702009,8.94270786209251,9.393411880049198,0.25212966158071726,0.32281706873555427,0.2795945008108706,0.3032655428758094,0.03378095085246815,0.004623703570165383,0.005545588102002164,0.007730781541064629,0.4951592262635382,13.720545745296478,0.29617049948596585,0.042436573489882154,0.58962310573943166,13.720545745296478
72,0.41919672857761664,0.46036041467855637,0.40520115598650491,0.43778601762400227,9.266029790660832,10.946803578052995,8.425382303816106,8.705301350403397,0.24990389603124002,0.31466655814711497,0.2754060226798856,0.29593737899575184,0.026957624933211424,0.0031900538333580046,0.003422231720082968,0.004572481621682567,0.49436244652075684,11.738322013011402,0.29142464350347413,0.03552320963627682,0.5796571402975349,11.738322013011402
73,0.40762306452312069,0.45362004962188512,0.40186217234788446,0.42696679033051821,8.61595724031268,10.821894997227002,7.994924435218947,8.105201201940954,0.244511822124783,0.3097342563722557,0.27157886920217933,0.28835028172463884,0.024520885791047844,0.0019440437334919682,0.0024317820380987836,0.002881679777961558,0.48165193824907893,10.189946276979706,0.28717841468852945,0.03245056979343508,0.56668033778542282,10.189946276979706
74,0.40796629132038659,0.46052790931633586,0.40418860695793646,0.43814022738431885,8.591325140082743,11.669677216277478,8.169867791311809,9.05948409200009,0.2528147950173062,0.3209683399297655,0.2782309778367982,0.30321300816088703,0.026781095004254123,0.0030800612704867,0.003843152435164485,0.0046147289943732185,0.48223001562883927,10.90212215815588,0.29707097485195,0.033965962453578045,0.56925891846592591,10.90212215815588
75,0.40393702115973013,0.46079332253088362,0.40222641899702571,0.4386669711220943,8.706699338415355,11.338812259480198,7.93283337307345,8.769680659368403,0.24381846496350545,0.3087087724630131,0.26846198329616355,0.29102469108811474,0.024295947002089667,0.0026531764741824643,0.003065363062537522,0.003306730994075761,0.47927486233029126,9.887764918187242,0.2859754668452902,0.032112432120156305,0.56621836230900391,9.887764918187242
76,0.40465078629533063,0.46254020306706506,0.40001907053276681,0.43970016203506168,8.72333123656326,11.023544813248241,7.8723268219887,8.974866044214961,0.24724017529725584,0.31327164018165754,0.2726154273423511,0.29466040035110713,0.026672960245338766,0.0035606091416840032,0.004661933731204323,0.004663734891165968,0.48294764758418401,9.93562445554278,0.2898032077170706,0.03415183838373065,0.57065946756555708,9.93562445554278
77,0.40000345210233512,0.45652728890137179,0.39609158559045293,0.42780339899309267,8.847432103968815,11.33252147890699,8.00116498624414,8.405592853346832,0.2398916236335485,0.3086594533799277,0.26768212685371723,0.2850868467852861,0.02390719061303153,0.0014816358197549933,0.0028163216511924516,0.0017447219151652627,0.47967109456683771,9.430267491582208,0.28559522846912355,0.032135302703182135,0.56808256785114386,9.430267491582208
78,0.4061020244002837,0.45122221094871118,0.39264486912455832,0.42721873425225082,8.988865477526554,10.682066887342282,7.693208670076915,8.631120166896483,0.24225307184027967,0.30341571741608037,0.26589709035295683,0.28580696242617176,0.025564490205462115,0.002219917046497746,0.0035597012516422823,0.003197489353671216,0.48153545111396462,9.602579423676174,0.2819584534994793,0.033089783439553426,0.56681165025028901,9.602579423676174
79,0.40979570017772987,0.45469439741780504,0.39577611599937101,0.43079245880187916,9.044333532377616,11.104121308926192,7.736421046724278,8.517618478214338,0.24146987329545364,0.29958575735486603,0.2652468931596319,0.28193076247706317,0.024657280412857113,0.001950647796133074,0.003086460746337592,0.002605307825873154,0.48571129515222394,9.988893635857886,0.27814417816662623,0.0326622897998363,0.57144479544764248,9.988893635857886
80,0.41333323394471605,0.45553364191715634,0.3967924330309201,0.43154417639152803,9.14420259597077,10.691531200173015,7.919811985685814,8.512504786988707,0.2444502304408702,0.2959819984526584,0.26844210685326697,0.27918078606770846,0.026576472005584172,0.0017601075920245278,0.00357930953916905,0.0024379608051334034,0.49075305482631365,10.37787275439754,0.27402195931551193,0.034757562375604685,0.57869520316765832,10.37787275439754
81,0.40813650892287279,0.45530400742349342,0.3946765655861022,0.42961697569762486,9.319504619630708,10.26398305361076,7.71682949890685,8.429738689391284,0.24076822247094526,0.295361063344782,0.2671779358576348,0.273887500061327,0.02405884091398016,0.0013001073698139904,0.0021116573601640425,0.0019136701501457078,0.4910601049873895,10.321626790442357,0.2739271345336749,0.03305992690486306,0.57850500002463257,10.321626790442357
82,0.40606158353151972,0.45255247330042131,0.39030352259246137,0.43250319059834619,9.508313098740219,11.082108337234711,7.441383372478144,8.826114346169152,0.23645179878804742,0.28692824522597177,0.25907117718426936,0.2703919323112728,0.02384176639307609,0.0017611524323224105,0.0024578089302360194,0.0026229952501387118,0.48838747868201693,10.296402391826236,0.26656915150072463,0.03228902652901263,0.57413917414583204,10.296402391826236
83,0.40803418685374077,0.45671726872499369,0.39138180687499097,0.43269933315714038,9.40405658873714,10.873131170379171,7.802786126416498,8.530649046427438,0.2445615575330818,0.29769807130235804,0.26834425265019907,0.2800734456939494,0.024659592505877643,0.003017327999562583,0.0027709301233508495,0.0037121684316477545,0.48902303924026058,10.066847674364505,0.27601792053590085,0.03469053223606851,0.57551986762554674,10.066847674364505
84,0.41007202773374962,0.45625782092365852,0.3904270067018128,0.4319940328483064,9.565677373775793,10.716476169922835,7.86466547510393,8.72144509245284,0.24166390614433672,0.2911903650003546,0.2652981741391089,0.27358688962761074,0.024170377709811636,0.0019437424345344694,0.002215146925637471,0.0021688627405925818,0.492023635349291,9.81627823284695,0.26986285641374474,0.03450115924506486,0.58127086321236643,9.81627823284695
85,0.41010582383960059,0.46192121907724021,0.39312138584558443,0.43316598095361131,9.603750698702997,11.019092151682443,8.042596030650385,8.591355472711834,0.24470845135819475,0.2982374324036467,0.2712395953318826,0.27632653775110105,0.02512355860838067,0.0024515769086322667,0.002621500414660039,0.00331615296590627,0.49608002510291721,9.970351678574692,0.27576140154306905,0.0358119559945767,0.58672169064211965,9.970351678574692
86,0.41191413784144471,0.45807156491844531,0.38832602683647521,0.43684123903793226,9.423782425447452,11.010435827602624,7.833363489969837,8.993710056579635,0.24726823549664995,0.30036393517772536,0.2714199372497242,0.28254075075539636,0.02619682282539175,0.002643811635392359,0.002673967953591414,0.0032775482215240317,0.49618474996885892,10.107566802964119,0.2773049744301486,0.037706692041071764,0.58942302817774939,10.107566802964119
87,0.41199295341111514,0.46297629316396588,0.39153072914131187,0.44121063819272388,9.448765692158794,11.230336118373263,8.051380809943986,9.290120536392472,0.24562307565438687,0.2956924556047797,0.270125602744901,0.2775673855789054,0.025762704295008192,0.003006550081171305,0.0021550096235360594,0.004079051448827621,0.49480255181642574,9.685018202335542,0.2724897162318829,0.03791568741112504,0.58856245731858781,9.685018202335542
88,0.41147234467179544,0.46229282582645093,0.39416629479593962,0.43645578697445131,9.490822512747108,11.059009103501264,7.922965395755062,8.824072830218492,0.2405507558841562,0.28443666626244707,0.2645755835294508,0.2666755498157574,0.0253075982802811,0.004239300593957282,0.002937345300154739,0.004884866085109243,0.49256247757076732,10.135986597451984,0.26217784376048286,0.03782405920907536,0.58372622314805689,10.135986597451984
89,0.40753860530685343,0.45696369259128239,0.39148752595642289,0.43069080742267074,9.55260689707728,11.121858796509366,7.8666263954621405,8.514708786530187,0.2380361547682157,0.28497099328294145,0.26418535421198963,0.2630094887438032,0.023418843892443024,0.002968645195476484,0.002224108724233158,0.0033258139105965395,0.49219884588039753,10.309898551390617,0.2630376383325451,0.0354803235643669,0.5823133416265075,10.309898551390617
90,0.41354443542354902,0.46012893705295815,0.39642096040510461,0.44100021245746068,9.724794422280446,11.519028042879842,8.09540229304365,9.543174163513301,0.24316191748669863,0.28848022361775566,0.2668185905567112,0.27097762630883654,0.024007606790629764,0.0021866947227298476,0.002275682827253538,0.003244205810705612,0.49507764092759993,10.201800981965151,0.2661697076288137,0.03472088339426753,0.5856489448189327,10.201800981965151
91,0.41445382912413919,0.46384921665337325,0.39701826722841649,0.44438049270197827,9.73984293480679,10.897856219260166,7.907094646874842,9.431419961930501,0.243706409547808,0.28842869804069227,0.267123726372633,0.2709675409315382,0.02446395866172038,0.0021915278471836,0.0023109135049369646,0.003652058866316526,0.4974627331543387,9.74068172902749,0.26618027379167847,0.03529063598458303,0.58977530844531667,9.74068172902749
92,0.41904282432123768,0.47190372834921163,0.39873829315251208,0.45146826558832731,9.840882935732969,12.010522072836947,8.07460338175112,10.277724468380963,0.2514145449860191,0.3055709556459835,0.2750896604859453,0.2875960079657087,0.02433886236672914,0.003122379888209265,0.0021327302252242505,0.004158357429618073,0.50520472404972672,10.743772131539771,0.2820584092389865,0.036704972223557834,0.59731602235821935,10.743772131539771
93,0.41835455641486863,0.46776607255527991,0.39978961959122239,0.44575451691260526,10.102319210835502,12.085999962880788,8.190687964482732,10.05952787210949,0.24800643030013655,0.2987229321800207,0.27355092448981805,0.2774244113740888,0.02438736358557156,0.003890116627848256,0.0028604494500004494,0.004694906379662588,0.50299698347755384,10.782051302053912,0.27591710316826334,0.03687995403054953,0.59299763592749821,10.782051302053912
94,0.41420361437141734,0.45588609855283979,0.39111955685765104,0.4403435118049106,10.272447229696308,11.0323149138911,7.716915133729276,9.451245060718433,0.24300659724394613,0.282816781930763,0.26486036308261596,0.2671043803501589,0.02425724234643062,0.0022507989695045643,0.00218657482109774,0.0037791632958702717,0.49470498678031283,10.147725053817918,0.2617127364665407,0.035265425455237726,0.58371250703236166,10.147725053817918
95,0.41370281310222495,0.45534978409558996,0.38853516261600646,0.43531523951335116,10.358897555506728,11.149664657513574,7.681388421845024,9.080489188395903,0.23973651882914263,0.2761838406696856,0.2612145076328021,0.2608063175468796,0.0224874042732198,0.001872156196239789,0.0013414837911103808,0.0022488305288105312,0.4947783086664248,10.117760533126376,0.2557564047558932,0.03449776826509313,0.58389835690336678,10.117760533126376
96,0.41618202302959195,0.46137182713778224,0.38999785334782133,0.44002067635276559,10.525080153418958,11.322932006430065,7.762891492516669,9.36103109127866,0.24609283348989544,0.28882670490855356,0.26827990951409497,0.27329350315579837,0.022632158231044575,0.0008564998356163163,0.0009089874781764835,0.0012292456386030885,0.49968720419792045,10.352794033019107,0.26640089184063753,0.03466264182318816,0.59202849572660698,10.352794033019107
97,0.40899371817207092,0.45711419740192871,0.3878164526417161,0.43268943387260145,10.402822907375601,10.535358178037125,7.295314265913528,8.445207883313417,0.24523688429269422,0.2879837297928082,0.26902170855997387,0.26876565432116,0.021147407983932925,0.0010320290658712794,0.0008054462279750537,0.0013111069519227182,0.49335547444773664,10.245296685019188,0.26639174732460325,0.033192508103913845,0.58291652725186116,10.245296685019188
98,0.4156143780686547,0.46195884572081725,0.39166607289374006,0.44381162400982277,10.336893969654042,11.711184171042916,8.296731904150407,9.673891658184296,0.24673063423592362,0.2787408075757582,0.2689182272216422,0.26331176895842656,0.021873715866123057,0.0020449367164505562,0.001411375165047846,0.002327678244196906,0.49754205190853662,9.980931177501217,0.25691002538374985,0.034496853437222974,0.58917330800569478,9.980931177501217
99,0.41539058307960458,0.45661410462712482,0.38987625695701761,0.43880336885341503,10.453250611681664,11.546845454244304,8.018081883965419,9.786498562750927,0.2442191173956353,0.2776937166401141,0.26514438050247857,0.26385194471687967,0.021426275709335023,0.0016874650312654806,0.0012082027254450185,0.0018681645689041168,0.49560207936813111,10.315429919600072,0.2563352861615422,0.03355430804068775,0.58728901633691044,10.315429919600072
100,0.416807990659606,0.45383740563897157,0.3887984963457462,0.43489285520380738,10.753861280357718,11.110822840521958,8.05209381558899,9.215632734744396,0.24445817503321046,0.27725700796260616,0.26446960363943345,0.26392617940732793,0.020882541267055455,0.0009259720100228555,0.000617134102162332,0.0011845680902181014,0.49594360635998735,10.43281909355205,0.25705743503599193,0.032691960098714376,0.5846272670274405,10.43281909355205
101,0.41612856766714984,0.46673645244820949,0.39313926741207694,0.44459243545235944,10.692509813258962,12.610307812690642,8.23952255730544,9.848577960447532,0.24499923818535313,0.28065711497081125,0.26696955741673245,0.26406654801322726,0.021066795334236412,0.002043886341580509,0.0012928622921449585,0.0019326379753984316,0.50250376405134389,10.55385806990526,0.2595862993794662,0.0340568976246228,0.59448060113826851,10.55385806990526
102,0.41638920719017103,0.46765836912612874,0.39526869907540979,0.4496046135257421,11.044289112406894,12.577545753277462,8.173698916855043,10.247563806052781,0.25151504042977435,0.28950685559204203,0.2719440724470687,0.2761105669614086,0.01967881678499288,0.0011682896666909044,0.0007556638884003278,0.0013063947018522287,0.50011067754028615,10.634207907216922,0.267952800188571,0.031050088096782894,0.58975075846259539,10.634207907216922
103,0.40844430423459599,0.46004608229984123,0.38746090601381589,0.44478116041650462,11.026942603740522,11.116480403728131,7.774903695333456,9.639913582178341,0.25217033466336625,0.29070136558421766,0.27184913989178366,0.2780459832931312,0.0187648414100821,0.0006197810320161997,0.000396210845457688,0.001101307336287217,0.49116420369790859,10.522314763187653,0.26936507026007267,0.029451199503319085,0.57764696210174649,10.522314763187653
104,0.40235647309895023,0.44338049451072808,0.37528325858111211,0.4281724881899775,10.784870700825376,11.008985182337765,7.590400049100528,9.768531942915113,0.24413045960604374,0.2656246087447619,0.26317952211171525,0.2539787700828659,0.019775110839962598,0.0006432298743449194,0.0005518154137831002,0.0007846221833413009,0.4810998552433603,10.228184461261895,0.24545119417880593,0.0319207584143539,0.56962273240231198,10.228184461261895
105,0.40233029894896388,0.44444254953213624,0.37901532043614472,0.4255344009544097,10.948557013017735,10.606307770383033,7.683824608790316,9.045586855387077,0.2461542117440255,0.27617613204145264,0.2665638222024924,0.2615128879232514,0.019077962875098844,0.0005321383731908178,0.0006361128564651069,0.0006656347566484656,0.48130544262742248,10.356123801321155,0.25556096129841177,0.03089339983331784,0.56911567758886583,10.356123801321155
106,0.40340147030282952,0.45036107553477617,0.38267931598559313,0.43634352836573809,10.978377337338628,10.76406116687881,7.548380888632743,9.011911886657936,0.24876318532075134,0.27973701004451756,0.267888684565295,0.26810972938883515,0.0188727521467533,0.0010424852529767909,0.0006442764246431516,0.0014841165646347655,0.47822018805275102,10.302543694678475,0.25824674731408404,0.030407403304075393,0.56678374373691087,10.302543694678475
107,0.39932871234965683,0.4446163030041253,0.37802461810434912,0.42862586575892836,10.981541881886438,10.483168291498503,7.395365661589898,8.879021976148728,0.2485885956825884,0.26717792129880497,0.2670350764130497,0.2567390071644499,0.019002222385978994,0.0022898068368794005,0.001471225582385679,0.0023166905101432243,0.47415273662246782,10.36749035033667,0.2469055677150887,0.030963809364017474,0.55946496050061978,10.36749035033667
108,0.39936212102083862,0.44278936205521313,0.38134030549550607,0.43297228157680034,11.035330859656954,10.678315955866767,7.498391250292344,9.635953564010297,0.24787525220499929,0.26559346425832087,0.2660173961149192,0.25523552028164687,0.018793149965318775,0.002184907305355112,0.0016336068034551237,0.003201751092683536,0.47107678092200261,10.321383633811669,0.2459504976175834,0.02921054509026309,0.55594207171861176,10.321383633811669
109,0.38978036327420018,0.44575353084159042,0.37997084960897326,0.42683055534490549,11.07304595546423,10.791268441717666,7.797751009565696,9.100735636532496,0.23654879744358961,0.2516415264240125,0.2550001832194431,0.23931867115864353,0.016488841355347335,0.0019717960083892113,0.0015093908103326857,0.0021461883656584495,0.46498303741468316,10.405170029213188,0.23373330799610106,0.026385778404985512,0.54678974025997173,10.405170029213188
110,0.39387610200496398,0.44074567780026414,0.37969942621484237,0.42865697365401895,11.39388595692721,10.46607758030841,7.797811975568845,8.90701397160728,0.2376866609588896,0.25360409687325947,0.2541677256949989,0.24407628040177484,0.016861092316476194,0.0015403355972418249,0.001251407673842354,0.0024359034569251246,0.46454531053868703,10.72003547240713,0.23602634770694608,0.026076009605142624,0.54333147750819855,10.72003547240713
111,0.40080772257313324,0.45682060843542777,0.38802044573628153,0.44254415471255926,11.427984506881115,10.889897824255574,7.607898644414798,9.911381933182156,0.24575585153738785,0.26952021105303703,0.2631443796787248,0.25958029354754547,0.017495074323093555,0.002647554983771155,0.0016005318443303592,0.003115718100848986,0.4755227900474065,10.599163979144382,0.2499084261872364,0.028126849347401495,0.55745910276110411,10.599163979144382
112,0.3926199789852835,0.44682776704350557,0.3821894821807944,0.43214943643463749,11.185576546506045,10.670650667063224,7.6359077368437775,9.103721107019396,0.24490248077979243,0.2579792108887321,0.2618985476657041,0.24895366612707845,0.015972778070691966,0.0016662017520364708,0.0010029246411111634,0.002071597230670656,0.4634843982395378,10.163103363097633,0.23915168564401587,0.02579329612052775,0.54511265029942035,10.163103363097633
113,0.38379833188347612,0.44863638761010682,0.38436998117669341,0.43420189030379558,8.581507566214349,10.366249107839884,7.4069497273402565,8.42388979219285,0.24100542854903062,0.25265153571819104,0.2584706151457451,0.2421527440420328,0.015722695701671154,0.00520996224222076,0.003156506052420805,0.00509381339333168,0.45332176266266067,10.509124262559448,0.23482632694167063,0.02571527262573399,0.53005609594774195,10.509124262559448
114,0.38217627682860561,0.45094489354285888,0.3820240857088032,0.44015892216422348,8.363558059785756,10.702634094068744,7.508237116225647,9.56856580588354,0.24008671675293744,0.24948848652991934,0.2552681204015411,0.24229578434568452,0.017673170639075596,0.008674713342577097,0.005267186796855008,0.008887563727897807,0.45351170422290144,10.532620428789485,0.2322004267223709,0.028359198887312722,0.52964302276967468,10.532620428789485
115,0.38753436759043891,0.45175479904150873,0.38197721295018083,0.44089241879963814,10.172795551697929,11.138759532467374,7.825576646019676,10.151592951640149,0.24729777410769593,0.2587194829842911,0.26268231930132024,0.2511132123793344,0.015350313479738404,0.0043504663154065116,0.002588416804481358,0.004557295333971565,0.45927466646627563,10.686233913942512,0.24089249318180267,0.025141710755208376,0.53600343741215817,10.686233913942512
116,0.38767722441904401,0.44228376917681672,0.37807055718296168,0.43327832494535207,10.173417326596702,9.251396715671069,7.256676604334905,8.644955659878855,0.24244155630192893,0.24167535115978842,0.2567593867107607,0.23532104951249116,0.015254481980849877,0.004433643549413982,0.0026405765532147786,0.004430561354614279,0.45395200796665758,10.272037927238928,0.22545727821807263,0.025150649177805136,0.52870973208748795,10.272037927238928
117,0.38177067959431854,0.44443969918785969,0.38166349384327836,0.43544593453503816,7.690696839725859,9.426162945867606,7.301458828526623,8.95318958263695,0.24506164633379576,0.24462553479070354,0.26012430196891284,0.2371616209375365,0.017850209149731164,0.009732341251893538,0.00587186997733511,0.00970356166364913,0.44641430434281426,10.501711430009163,0.22842188152521334,0.029174228839209584,0.51930930285978405,10.501711430009163
118,0.39169353725080341,0.44910691899666227,0.38381508167514494,0.44326328146290683,10.703704119900289,9.32638578883609,7.443309912049903,9.03880377044358,0.25590256176819437,0.27177473232358945,0.2706380343108081,0.26537613635745,0.015573705854429338,0.005147588758942526,0.003307591258732294,0.005164663989999514,0.45872121378307229,10.73813683095573,0.25355585002467895,0.025136983533098546,0.53338231505124167,10.73813683095573
119,0.38518901571242231,0.44231013325050894,0.3814086540911632,0.43619064907258315,8.733578839671086,9.738772636004391,7.3961807840030795,9.32394321861786,0.2497997719552191,0.2586148322450696,0.26383511396053083,0.2525443682147563,0.018204720062958552,0.010422930365269385,0.00632710447827789,0.010273717151021301,0.44480787741443262,11.003892891423487,0.24169835039032808,0.029830954518673337,0.51494866612272261,11.003892891423487
120,0.38855698070036293,0.44901953953600449,0.38590572154688452,0.44410951603086352,8.114002918630199,9.74448447473463,7.360611548639286,9.634601265921505,0.2509823157549971,0.25994863503051024,0.2648728939228695,0.2540747664906437,0.018782681148334927,0.010744085610441803,0.0068202932303579695,0.010490114265591327,0.45047242932367415,11.210970275073533,0.24308271923441443,0.03037852247084604,0.51715083775146709,11.210970275073533
121,0.38650010027958914,0.44474302207248673,0.38498189638867086,0.43932972476022519,8.039362490907306,9.494282694498624,7.212244363936639,9.36241175947733,0.24801793157359028,0.25244180577372766,0.26234526611169284,0.24605712283748596,0.017790044543753065,0.009062337902237084,0.00596065743247969,0.008860822751460627,0.44563534683772221,10.546384479348697,0.23572180604906967,0.02856858389630723,0.51477606897482153,10.546384479348697
122,0.38183761670909638,0.43537814947026987,0.38067489403864579,0.43132701602309775,8.183073933218857,9.597467022404567,7.209167451961973,9.601921935378085,0.2483552839364421,0.24948759508431767,0.2620688690936232,0.244674278313019,0.01905528849569317,0.011573118260913933,0.00719965643902034,0.011351957467838986,0.43468889435053371,10.705196386995611,0.23212432782102302,0.03132081036769205,0.50496067844691994,10.705196386995611
123,0.37690862590599461,0.43675852979137453,0.38077601145985673,0.43337445930872937,7.379502489234346,9.997949452410165,7.519832359808006,9.966897952888521,0.24354406926003075,0.24315300560176317,0.25653954088571823,0.23822593959993418,0.021394806258942606,0.01540665489088225,0.0104620156652372,0.015149480514884822,0.42852973451339887,11.245664152799487,0.22739595944118676,0.0333973591572165,0.49543868822459075,11.245664152799487
124,0.37878974456929704,0.43640693027255889,0.37879117435949683,0.43444186024428377,7.447665235276181,9.01941340569431,7.096643115071586,9.331912243590422,0.24478952962231962,0.2485334273283173,0.2577032316147124,0.24435411566455867,0.019787754644410707,0.012379642505963146,0.007925480994725332,0.013292493926755973,0.43495751079637657,11.289198443334914,0.23181674643459158,0.030841660079168536,0.50225835087397752,11.289198443334914
125,0.3754837480463355,0.43837938904389895,0.38454341387128255,0.43405684547945961,6.809940276009418,9.300566900734678,7.345231598317429,9.21560368697218,0.24935086523432073,0.2514073689281366,0.2627886880342111,0.24549668874211236,0.024056541357953803,0.022725733973211586,0.014764406477705294,0.022331823634652033,0.42637304935302256,11.307213121701968,0.2356643847059297,0.037906240428960555,0.4874291802200757,11.307213121701968
126,0.36785514091288207,0.4351260531866486,0.37961746422359627,0.43134202614466782,6.208786556963638,8.749270472133636,7.19909240989541,8.709663060703008,0.24380958337585226,0.24312327319207827,0.2561194854855243,0.23862206468539138,0.029117301536344835,0.03017419911819452,0.01909524973516241,0.0309175381351097,0.42042274072353486,9.690024445275492,0.22790971016142306,0.04531057265351207,0.47978928307470287,9.690024445275492
127,0.37142120809073476,0.43120024510540539,0.3787256448838775,0.42908085562198173,6.383629969110843,7.887360996160891,6.659653679452217,7.888350421148011,0.2500235065213867,0.26053448988757844,0.26209282575164117,0.25647195816800833,0.027485608725738343,0.02621686726701399,0.017035722195207405,0.026452262344642336,0.42221572914714939,11.660429020804303,0.24443636397679647,0.04268236902652246,0.48272873900935398,11.660429020804303
128,0.36677969324315934,0.42733246334920472,0.36977181671367976,0.42454382276443553,6.242364466813818,8.31621055277681,6.614455208654049,8.455658205752348,0.24707973386228488,0.2605111944512849,0.2597569908575488,0.25537815397357516,0.024142810522979584,0.019259763175662817,0.012652107544484342,0.01995124222263629,0.42318071055386841,11.537019464821164,0.2440258600198513,0.03738864196687184,0.48455658223523468,11.537019464821164
129,0.36207582741608407,0.42431657410351215,0.36808936209573628,0.42207733942468967,6.331357114387663,8.99860082750933,6.719235897445316,9.010626657131924,0.24239091414364866,0.2590866475544713,0.2540270625720645,0.2541093481578756,0.025818579480663906,0.02052248289532681,0.015480295592245447,0.02093457018745942,0.41644623430010891,11.998241209081204,0.24424441687887277,0.03684102591067775,0.47362530420181187,11.998241209081204
130,0.35864986555428502,0.42589875719436782,0.3689601502347955,0.4237456090282592,6.082845901288466,8.580091190670203,6.497793179881331,8.562262139774289,0.24450474739337372,0.2592903797743327,0.25529797597072756,0.2551758239634876,0.0277130622104712,0.023348070334133695,0.017770948581140072,0.02368985747334728,0.41181786181470476,8.534215211548043,0.2452084452961342,0.0389908821254368,0.46820643307321907,8.534215211548043
131,0.35153791088747333,0.41674456683729394,0.3627292939369719,0.41476694870124869,5.521580988441412,8.273949983228535,6.323283402524168,8.446190465552517,0.23649362587211575,0.24351473152186978,0.24678846579470093,0.23929362244021005,0.028139065367227562,0.019281755949054537,0.01794154275818648,0.01998229630425758,0.40333898201908508,7.713929007447875,0.23071218362318155,0.035451620322673225,0.4559131581624038,7.713929007447875
132,0.35415768309080281,0.41843009026318717,0.36431913418699613,0.41782709186451433,5.712426167329516,8.144147972333768,6.407788575829646,8.433678244654168,0.23976424678436764,0.24272679386757834,0.2505313922217897,0.23882346732033574,0.030125868581028555,0.027277451140954537,0.020327944130739076,0.0281583207524444,0.40697722836778999,9.216470084560362,0.228873367896872,0.04245487319837748,0.46198409864264917,9.216470084560362
133,0.35218707116399889,0.41678248154503811,0.36604265573929257,0.41325895115032102,5.711440476498468,8.105313312626194,6.53140048152576,8.113781405827032,0.255323979064821,0.27647364332775715,0.26698960560521723,0.271471902396797,0.02913477691514976,0.026756483449778896,0.019698590014149607,0.027108578950821593,0.40305650666740328,7.733382239427514,0.26099666747743205,0.041746216900527815,0.45744884484987713,7.733382239427514
134,0.35654500363100505,0.42173349722213987,0.36684898585956033,0.41895006997131723,5.6998257923017395,8.30204730413868,6.510481969758651,8.263026060251244,0.2675164853046119,0.2942488017054727,0.2784508818467272,0.2902593308505796,0.029412952956165892,0.027044034106850932,0.01934610240428387,0.02922096581331423,0.41073740913524992,8.358116114824808,0.27889903001712346,0.04116478019811004,0.46047961912188107,8.358116114824808
135,0.36128811767577029,0.43213378851755968,0.37203272685090827,0.43243558445764541,5.98261653708858,8.779573031193458,6.715122981845723,8.824780868251452,0.2660668867990309,0.292244666830311,0.27696134624351293,0.28842530609311146,0.02981901374081838,0.027419776682614246,0.019807258902066468,0.029011554924700617,0.42039049071152995,8.331263585379068,0.2765263092854091,0.04226303347752787,0.47101535437297171,8.331263585379068
136,0.35747684195469359,0.42250316015086453,0.36505092072447509,0.42011896359736139,6.0105280157277035,8.176746574544888,6.527265403538556,8.160797139508587,0.25863776533442007,0.2760301296930268,0.2687655775023345,0.27266198446107687,0.029851310909889402,0.027619665843893054,0.021276886598719312,0.028297816291967093,0.41390965145785152,8.232272125569136,0.26159920144601256,0.04112040408977787,0.46185228752725604,8.232272125569136
137,0.34883301576299902,0.4225965064743053,0.36250445554269334,0.41980234094670815,5.275928444111249,8.076461957002952,6.400736627880556,8.159868744395501,0.25753299549723424,0.283274707877839,0.26757149930166924,0.27882223620113405,0.03187638526158372,0.034383936892608435,0.02409502923460624,0.03488235281386195,0.40636412863460281,7.59205947117515,0.26936167691117785,0.04658370502246254,0.45142520478623771,7.59205947117515
138,0.35209774786942,0.42456546545112944,0.3645317662851017,0.42283689137001285,5.222182816830432,8.54573950561819,6.2300183292844045,8.549697259606134,0.26110752391116865,0.2792651503662244,0.27032649898382977,0.27622478247103294,0.033535339663192894,0.034562510418385685,0.02579257274536154,0.035754988559669625,0.40908713979948741,8.04641994231766,0.26597633866632503,0.046089793234412216,0.45435344950442713,8.04641994231766
139,0.35286670307633328,0.42560273782520996,0.36490013695024814,0.42608961887101593,5.426009100261765,7.6165178870008114,6.20881788780018,7.864319809608381,0.2608614324242033,0.28403989349196684,0.2710906694697855,0.2802073737535543,0.03149744528579603,0.028213075095036996,0.022259497513694982,0.030567657116939966,0.41028415174864546,7.859845669474167,0.2688038606400506,0.04186344308719835,0.46098491472838665,7.859845669474167
140,0.35011329217844278,0.42117151849986761,0.36097012378318116,0.42206198000878364,5.23639512110623,8.040412929451307,5.963120780788841,8.370983287303252,0.25642859856408207,0.28873126724739434,0.2648045087407585,0.2853680745590603,0.03559968370324232,0.04025774004103619,0.027911080794243263,0.041649866242874284,0.40873727192419224,8.086584236856936,0.27616204250119125,0.05156267947081201,0.45088775968789724,8.086584236856936
141,0.34998037311581659,0.41151730243469486,0.35980331028728041,0.41058579955154173,4.960975989833632,7.8807403214248675,6.067358660796558,7.846805284327507,0.24894310987853344,0.27352967456238086,0.25669128982904904,0.2699247685708255,0.03281002389600342,0.034525377671182716,0.025342115234534494,0.035447961094179706,0.40003872577579247,7.533185021948239,0.2628680391036222,0.045977286515632244,0.43977220069245798,7.533185021948239
142,0.35026706997416029,0.41490275618729322,0.35992018993425789,0.41270330384945175,5.0409785009317725,7.484986358975615,5.944729194196971,7.416240397160909,0.2508292338830372,0.2790982733546957,0.25956721964709983,0.2748232669418713,0.03358838551895072,0.03230552668289113,0.023909555788763682,0.037094498806055545,0.40444370958712933,7.521118503201911,0.26696701906768816,0.04394567705658628,0.44735827262651889,7.521118503201911
143,0.35424216679337556,0.41774260437576227,0.36296497968025571,0.41646156718442473,5.432328299677793,7.627005683581912,6.197128139103413,7.605797659797936,0.2606518130309422,0.3023021461545317,0.2693126972931226,0.29819797863683845,0.03519855110442945,0.038256657196416737,0.027248001474252062,0.04053153532084438,0.40947668922111696,7.6727350198930075,0.28887332844314717,0.04966217867413164,0.45223950254980066,7.6727350198930075
144,0.33961262804659081,0.39994316035988214,0.35377573108625221,0.39938620104170297,4.908880287866665,8.022337184757864,6.047766480188561,8.063287092426409,0.2411481376725047,0.2623446100398591,0.24878898017102447,0.25881263472126415,0.033068110586440255,0.032759697889718505,0.024602708323130246,0.03507455430074392,0.38426083326518157,7.525864365659544,0.2514286039387634,0.04514497716563677,0.42464715976063472,7.525864365659544
145,0.33876463354088815,0.40084370984936901,0.35250444485744725,0.39986487125964171,5.042418258497451,7.72118195334041,6.349122536676366,7.72118195334041,0.2417417627739497,0.2562588597810351,0.2504097724576021,0.25191364843778674,0.03173479419257826,0.033306867228590095,0.024228104687431654,0.03357993218493525,0.38447929680417448,6.964486741369494,0.2445284873092248,0.045978775024832,0.43006454499835045,6.964486741369494
146,0.34184487540041048,0.40953946083453124,0.35658243457464939,0.40975813071623829,5.269943092933201,8.341222849541106,6.516559327872416,8.672571737217044,0.24441878996394442,0.28020812776524034,0.2533726421990938,0.2751604028083201,0.032962300045239375,0.03360086813210311,0.0238131736676576,0.036023729715484815,0.39346228246159659,7.874516198203121,0.2672055837310552,0.04717292924700845,0.43836876383808149,7.874516198203121
147,0.34039967843356417,0.40429062523043297,0.35580406042146484,0.40090637102701376,5.0716187998403806,7.867887684318505,6.201284685045369,7.7681071185182,0.24560223873142129,0.27076364469694797,0.2538340861711072,0.2662804438158456,0.03719674859045274,0.04233576878816405,0.029369132010239614,0.045036676374457,0.388148418125013,7.633059352072769,0.2594123689913319,0.052969266385153056,0.42862938143277884,7.633059352072769
148,0.34534374814243968,0.41450580861497466,0.35754407853430781,0.41109951000351513,5.230812797853452,8.470032577088194,6.299798904034222,8.207182962121706,0.2651539415480825,0.299607210203147,0.27370619916896244,0.29526999769674467,0.03606392136433471,0.04204498684849356,0.02740721631098738,0.04550326025436447,0.40338203991907756,8.825869259979644,0.28698887121805433,0.053435704358748726,0.44546226802956734,8.825869259979644
149,0.33766618007316973,0.41102172601648201,0.351250086462572,0.40565716990583772,4.96759606226088,9.853280906385319,5.95085106779314,8.670293913365752,0.2428911527764233,0.26183457676384453,0.2512046067632557,0.25674057336430756,0.03690244576994519,0.046479036738844494,0.028644805999702157,0.048104390379369116,0.39749520066679961,8.690651358139428,0.25094632389220745,0.05893999130135256,0.43789127500275588,8.690651358139428
150,0.34446084415990547,0.41096525701987358,0.35813018372575761,0.40737859169309126,5.444072887500801,9.118514283145505,6.481854153276291,8.467594003455396,0.2519056574061146,0.2642808956762061,0.26008953565082293,0.26032877491538753,0.038609528815423504,0.044236433713468484,0.030857759928286425,0.04616788674796297,0.3953784125719354,8.332576031242585,0.2527987450711458,0.05586238119046109,0.4375701028886595,8.332576031242585
151,0.34090646107256456,0.4004176680304079,0.35339321436884041,0.39724243351514882,5.361606884601151,8.267351268980201,6.492020054691257,8.137377898970746,0.24503829317591713,0.25490629248780317,0.2519978948130896,0.2520951805188354,0.033087764881716684,0.03539118533356619,0.02578883800484559,0.036163238893342275,0.38493642814783013,7.423328444523391,0.24469705310921663,0.0475707278867507,0.42347232437183996,7.423328444523391
152,0.35233818700458602,0.40194807062738519,0.36143414341641955,0.39951053871267123,5.365918634870922,7.889533569344471,6.226954041472256,7.8602860792551175,0.25791178901539624,0.2696317818110862,0.26569683777361647,0.26684216438193264,0.03351335389430042,0.03550782173226917,0.02694936152502721,0.03507790430478274,0.39460893657317775,8.071032596748443,0.25796268327941935,0.04740575828780777,0.43538133191313444,8.071032596748443
