period,Contributory_pensioners_share,Moratorium_pensioners_share,universal_pensioners_share,retirement_coverage_for_legal_age,retirement_coverage_65+,All_coverage_legal_age,All_coverage_65+,Contributory_retirement_coverage_legal_age,Contributory_retirement_coverage_65+,survivors_benefit_coverage_legal_age,survivors_benefit_coverage_65+,Moratorium_benefit_coverage_legal_age,Moratorium_benefit_coverage_65+,PUAM_coverage_legal_age,PUAM_coverage_65+,Mean_Contributory_retirement_pension,Mean_survivors_benefit,Mean_moratorium_pension,Mean_universal_pension,Mean_retirement_pension,Mean_pension_benefit,Median_pension_benefit,Median_pension_to_labour_income_ratio,Mean_pension_to_labour_income_ratio,Mean_family_benefit,Mean_child_benefits,Mean_Contributory_child_benefits,Mean_AUH_benefits,Child_benefit_coverage,Contributory_child_benefit_coverage,AUH_coverage,Gini_retirement_age,Gini_retirement_age_non_labour_income,Gini_65+,Gini_65+_non_labour_income,Gini_retirement_age_has_income,Gini_retirement_age_(has)_non_labour_income,Gini_65+_has_income,Gini_65+_(has)_non_labour_income
49,0.82278613953123,0.17721386046877,0,0.99197044037084,0.99255984190482,0.995217431891263,0.996580929987044,0.805228651493099,0.892709910177159,0.029215584854771,0.028184697398671,0.18674178887774,0.099849931727661,0,0,4470.96991716222,3331.11635797008,2432.55370456062,nan,4109.73431088496,4069.77483472934,3103.99363821106,0.54929954833182,0.634436269831136,474.2857485397,491.798668403862,384.468261913275,668.708483245716,0.65065928531902,0.37668160865567,0.273977676663349,0.296566468938412,0.258067036964199,0.276329426141909,0.250927607115345,0.295708675864087,0.256849737034671,0.274396945238831,0.248908402752883
50,0.814946215345615,0.185053784654385,0,0.992059054741123,0.992682987200877,0.995278333274639,0.996650898098122,0.797954400393729,0.886276179656215,0.033018778688207,0.033304120765687,0.194104654347394,0.106406807544663,0,0,5147.06232133936,3819.27597821656,2778.54506764145,nan,4708.75923952335,4676.4172891145,3560.61241992607,0.602835274860645,0.689848756536368,414.845619864903,448.336768066909,246.411767438446,760.072826111377,0.644889878522527,0.377542886786313,0.267346991736214,0.294831527807381,0.260531203908751,0.279888158188294,0.253795926645384,0.294333474967907,0.259328318933313,0.278055854051174,0.251897231565879
51,0.808753237291825,0.191246762708175,0,0.992026452691718,0.99271611154559,0.995237528449998,0.996666059586686,0.792055483301593,0.880961614689907,0.036697884249152,0.036941888161583,0.199970969390125,0.111754496855683,0,0,4992.6636952964,3676.97138377823,2682.70424929976,nan,4550.89142926237,4527.87979174647,3435.634719424,0.559247723319149,0.638447036516197,550.517609871627,570.37797530294,385.15427788412,857.427316933735,0.573059369758098,0.311428891761029,0.261630477997069,0.301935848737672,0.262350823332343,0.287015812625726,0.256211478993899,0.301157404825481,0.261114857835473,0.285209878200462,0.254327519547126
52,0.798599903603543,0.201400096396457,0,0.992094800228642,0.992784001901907,0.995278351334409,0.99669713397834,0.782229101703823,0.873861721141314,0.039351869174211,0.039847720046019,0.209865698524819,0.118922280760593,0,0,5386.49942707475,3965.42706779696,2880.58799453735,nan,4881.80862300073,4869.27897690186,3699.36842517124,0.602444038096599,0.684466058578856,520.913209225584,543.322852406607,374.438115792493,804.122363043989,0.567928004424794,0.312496609347135,0.255431395077659,0.30457845661348,0.264809436044699,0.289073609947192,0.258502030838313,0.30389525889969,0.263386422279056,0.28731499018027,0.256641422703992
53,0.790109524182318,0.209890475817682,0,0.992216426359219,0.9929190624704,0.995375495380636,0.99679947517427,0.774752181159942,0.864525148484285,0.045363956967431,0.045533894410396,0.217464245199278,0.128393913986115,0,0,4704.48903900808,3436.80044617625,2543.13147161978,nan,4250.8406707768,4252.50869195612,3211.40356484655,0.559527705376847,0.634177842292104,583.77885923771,602.120154708326,434.161889707348,830.382417274912,0.532855899901941,0.281649482320671,0.251206417581271,0.306621864361903,0.265344514517522,0.288500019788172,0.258125619944568,0.306105210857225,0.26413353446801,0.287404804068176,0.256361530749076
54,0.782124196351621,0.217875803648379,0,0.992256706942512,0.992857349694014,0.995399427542404,0.996716327617841,0.767293487087314,0.858086531675123,0.04989143535474,0.05038964826817,0.224963219855198,0.134770818018891,0,0,4838.74712377075,3534.83630564351,2601.00849486025,nan,4351.19802164186,4368.09708176221,3293.16184723344,0.595801170513742,0.6698330093831,525.569094216077,545.656540631016,451.937308863266,716.634741102767,0.598108598534848,0.346074953350869,0.25206203611815,0.307133057678895,0.267402813055259,0.291460269369449,0.259796379901777,0.306739307512175,0.266261833300862,0.290303978348885,0.257971015881637
55,0.774683928407496,0.225316071592504,0,0.992189809113735,0.992926896174312,0.995315298310297,0.9967483000436,0.760552093464588,0.85055274062476,0.053828999769989,0.054549926999129,0.231637715649147,0.142374155549552,0,0,4621.76775268586,3347.73911377479,2467.83737070058,nan,4136.4526205332,4160.96189433438,3115.63512848048,0.560241620114588,0.63487174581219,519.596734873793,532.289111738166,433.415822763478,698.801487240884,0.534301155549238,0.285875900863756,0.248425254685483,0.315308249174998,0.272501742755723,0.296443128112904,0.26419130460863,0.314921279545397,0.27137492632736,0.294663756836761,0.26233036498935
56,0.766883252998297,0.229396587297406,0.003720159704297,0.992485838035248,0.993295433087812,0.995595117354844,0.997086028805238,0.753647029191975,0.842401553661038,0.059036671561605,0.059205054401783,0.23502733444725,0.14624722113796,0.003811474396022,0.004646658288814,5045.14756152911,3668.3832393779,2677.76481628475,2679.02087266874,4493.27566978013,4541.79601963757,3393.92606289677,0.593769148527655,0.681932488225981,574.874881697894,585.111073311737,531.155078988134,774.021912899876,0.784096440586023,0.542656581626023,0.241465899176407,0.309953342625748,0.274555196760311,0.289313395126815,0.266412868465616,0.309312439330275,0.273437397457753,0.287814345160238,0.264865514459689
57,0.758044946263228,0.234821198832885,0.007133854903887,0.992674590099609,0.992990314922311,0.995763662112885,0.996751916253784,0.745293012206875,0.834664681518774,0.061952915739354,0.063138857535599,0.240087726182154,0.149443819645822,0.00729385171058,0.008881813757714,4809.80128591994,3488.44720135338,2552.04440035605,2553.20862302547,4263.53390274437,4318.54577772616,3226.84334903211,0.556087128147556,0.640350507010217,672.16874006058,679.456767056671,626.367148998673,815.852453688034,0.755305898493921,0.503730418984981,0.251575479508941,0.31083860902024,0.275474026562012,0.292386167080652,0.268585726298797,0.310231035301944,0.274679162625049,0.290651697060341,0.26679291774822
58,0.749695049433733,0.240008424455224,0.010296526111043,0.992792221782068,0.993543987561743,0.995867091994524,0.997281750114978,0.737404805092815,0.827067740314545,0.065496598072125,0.06734122788254,0.244881818624078,0.153705811965639,0.010505598065175,0.012770435281559,5127.39357112744,3728.86496866228,2704.31370400535,2705.51766466417,4520.89708138169,4595.02092894316,3431.65301196965,0.597746529242922,0.681585801486045,563.092441648115,571.349310423156,516.952526090961,760.247000922508,0.811015650257345,0.577904585341385,0.23311106491596,0.310033607389536,0.277252313790029,0.29130431556924,0.270134612225296,0.309135174387933,0.276220333329994,0.290277357669176,0.26899806345307
59,0.737562093544551,0.246893185943218,0.015544720512231,0.992293517704398,0.992624707947736,0.995347013931352,0.996325570143902,0.725294107091835,0.815247645932448,0.069761111747582,0.072426284720468,0.251184503113263,0.158209265840082,0.0158149074993,0.019167796175207,4922.4233521643,3561.71070785923,2590.63427639889,2591.75085543831,4310.49086573384,4395.55800122617,3250.4861813793,0.558162254473032,0.63829277361931,536.621094459309,544.882877108941,486.388932812723,731.863270178531,0.775631777649902,0.538483915453292,0.237147862196611,0.315299713786891,0.279205303019778,0.296270487960536,0.272650421250733,0.314386484810341,0.278183275394344,0.295305671013114,0.271575367439433
60,0.728136535340917,0.253490670899968,0.018372793759116,0.992327755134572,0.992597527327267,0.995367685656728,0.996287421434212,0.716660666140819,0.808903116344253,0.0738707789049,0.076931339814194,0.25703724265302,0.161081341465489,0.018629846340733,0.022613069517525,5363.22430835127,3853.38924388264,2799.48518719322,2800.65905588891,4666.25887563866,4769.85202325477,3523.92289479282,0.607898183997866,0.692231426117777,603.564776062133,616.732306817018,567.351957972538,802.572936656726,0.768586223969135,0.543737364848643,0.224848859120491,0.313965102343525,0.281636046688408,0.295831462782079,0.275699402084109,0.313081952472465,0.280651100344633,0.294735798286768,0.274572412724139
61,0.720647880746951,0.259221910369526,0.020130208883522,0.992306796845149,0.992561571813166,0.99533647321129,0.996229715111185,0.709815291360862,0.79905366479385,0.076622791460153,0.080434844608814,0.26213507135941,0.1688616054403,0.020356434124877,0.024646301579016,5039.28319967315,3652.46187588087,2604.35629730153,2588.98161198631,4358.77171364246,4473.11555834741,3301.83892433982,0.579204818066144,0.656956173259152,691.483626719027,691.202020083184,639.409680813451,843.32749824515,0.743010740881336,0.515369624984183,0.227641115897153,0.317637615247699,0.28391553479112,0.299031379638349,0.27790785848228,0.316762159949667,0.282996814836865,0.297947133320542,0.276717908134452
62,0.714427869301705,0.263327303005849,0.022244827692446,0.992709011611392,0.993070150357017,0.995714557285635,0.996695004921422,0.704098511102274,0.793043665596296,0.079490728803856,0.083335090199716,0.266128997015212,0.172912546265978,0.022481503493906,0.027113938494743,5046.95536389766,3659.20036295348,2659.7826401928,2607.1728222411,4364.07506650914,4486.52570397382,3361.61459900967,0.596432292315194,0.667351756737313,557.67302946855,568.063859900862,497.386939289767,775.460683987634,0.770154776392445,0.53433457267003,0.235820203722414,0.30798943378277,0.270585613150236,0.285895594464771,0.263941599644048,0.307104112404013,0.269652439319996,0.284828859810856,0.262690530345494
63,0.70681802829607,0.268045129677987,0.025136842025943,0.992771366226406,0.993087255030703,0.995751207615656,0.996681804016722,0.697765985505904,0.786527431792094,0.080623069561586,0.084685209103839,0.269712203214134,0.176048949107275,0.025293177506368,0.030510874131334,4716.53811057483,3408.65068256482,2482.8246442416,2428.73232783045,4060.29388228119,4177.93789112616,3089.10895176596,0.587220141671936,0.658624849862103,514.455815198627,519.44203459053,462.13272264407,685.328235765312,0.757297266137663,0.509045577708791,0.248251688428873,0.31869378389229,0.284049317939367,0.300165069642462,0.279495555330839,0.318093461710899,0.283418469335515,0.299026586797441,0.278251658371167
64,0.697957948889317,0.274227717087109,0.027814334023574,0.992809370399378,0.9931330086116,0.995770993640208,0.996718676887103,0.689700527246449,0.781019745288515,0.083693308895366,0.086948545464736,0.275196270787748,0.178319219625115,0.027912572365181,0.03379404369797,4305.87954975151,3099.88018702204,2286.84714994668,2238.2132073793,3694.69414173208,3808.75111065466,2810.47611580316,0.563254134232414,0.634002337023277,469.811286705359,476.181689188459,422.958188192369,633.246623365493,0.764502187487989,0.517004131415439,0.247498056072549,0.323171039584264,0.283133623089599,0.301965376964618,0.277788638375792,0.322578311788128,0.28250583283156,0.300969522690945,0.276611230920333
65,0.697876066775327,0.279442253067853,0.02268168015682,0.991088046479552,0.990612094409541,0.994018047571246,0.994158543416284,0.689127256944907,0.782057430300546,0.084715746758866,0.088409841105935,0.279291357242327,0.181115771384888,0.022669432292319,0.027438892724107,4236.93054050938,3064.78957159211,2247.38687932744,2212.74361216473,3635.0560167655,3754.61593174951,2765.92951520591,0.55578308084875,0.627306092648961,585.185601987075,583.542240984107,534.413141956551,729.553812608974,0.744689822622783,0.512258278195545,0.232431544427237,0.319569321644446,0.285794675292358,0.304863103000852,0.280736373382508,0.318979807596071,0.285175899440925,0.303986250333369,0.278793443492926
66,0.692583874316261,0.284318854176572,0.023097271507167,0.990834708017156,0.99029034820149,0.993760475090729,0.993827599752249,0.684503332233586,0.777300258568781,0.085108017156054,0.089209260738359,0.283315605410755,0.185164029869273,0.023015770372814,0.027826059763437,4269.792391032,3070.39921866719,2253.13331880121,2217.15225798455,3649.00780789105,3769.34906064518,2772.31948996558,0.557906738768674,0.632231883165794,509.577551967459,520.86029240798,415.83076065257,783.167730945201,0.751825414767974,0.512872943162356,0.238952471605618,0.325050088964661,0.288191959384489,0.308941864584682,0.283291867776613,0.324436710484712,0.287545085110065,0.307738388134468,0.280624213376024
67,0.687421360592621,0.290942665460214,0.021635973947165,0.989856474648249,0.989066826056134,0.992755857813308,0.992568739867038,0.679844539704286,0.772051473868173,0.087575495778828,0.091877139531916,0.288553622371886,0.191097714926209,0.021458312572076,0.025917637261753,4357.64435546387,3125.78510233497,2282.83244646277,2249.93695012892,3708.39074582042,3840.75840665677,2816.93988361917,0.575410440247215,0.654326956750801,499.884554975616,509.544840207771,423.39581694969,735.399534040424,0.751169861565992,0.508246399013096,0.242923462552896,0.324771086261313,0.291234714700047,0.308183014390645,0.286321926358381,0.324162992809173,0.290596419271154,0.306990273290562,0.282575486016285
68,0.685940777196955,0.290139497837364,0.023919724965682,0.982509300099559,0.988402348709102,0.98594988934847,0.991772004276642,0.673943192913528,0.76519013993009,0.088360611117151,0.092391428558011,0.285064754951426,0.194855506802396,0.023501352234606,0.028356701976616,4303.67867893299,3072.10150818214,2279.89976861692,2214.20073216183,3666.52074435141,3794.97115229861,2767.75091520229,0.591417289347716,0.668632627706961,515.322053095091,524.832995696276,419.690902363486,789.876383299979,0.763516039136159,0.52439599377254,0.239120045363619,0.320124688464173,0.295173338267658,0.302903825623327,0.28560272312562,0.317696788075111,0.290762400091565,0.301438070204813,0.281493817810065
69,0.682574415965896,0.29069946235989,0.026726121674214,0.975364044563218,0.986721273610651,0.980861140093321,0.990803079293011,0.665758543071873,0.756374645861666,0.094094222994507,0.098280654298333,0.283537803359695,0.198922802285063,0.02606769813165,0.031423825463922,4335.29539956874,3108.84258314328,2533.39419925573,2225.72890975939,3755.10315872562,3888.88890285748,2782.16113719924,0.567712724345798,0.651651639321202,591.834943107371,581.766885681419,528.090118493391,726.889060746273,0.7409034658616,0.502985436899721,0.237918028961879,0.317681226323608,0.289373051388998,0.291841510543525,0.272948118457209,0.3136525690556,0.282766210070811,0.28987058837303,0.268057227754335
70,0.682003482497833,0.289687343864099,0.028309173638068,0.966541182018436,0.985590308341321,0.974729113358478,0.989698048497415,0.659184452114145,0.750290693251787,0.101837073580713,0.105799613692343,0.279994747754188,0.202367213340748,0.027361982150103,0.032932401748786,4433.4771029583,3176.60167588349,2597.71697304083,2273.13477387692,3840.52312083926,3990.31867338874,2841.41846734615,0.519377949038646,0.635447792235778,474.418636812065,479.143644724403,436.437189064767,628.477623858505,0.724097715785477,0.522610905227453,0.201486810558024,0.320492590946354,0.294996775653552,0.294559832290932,0.274478598158651,0.314008257672686,0.285203358548058,0.292854074812541,0.269514493135647
71,0.678969449389649,0.28934735525336,0.031683195356991,0.960125976689531,0.985925298075919,0.969799682564655,0.989692879840279,0.65189620573759,0.743304304847719,0.107641122221862,0.111268463581643,0.277809912065165,0.205976104377437,0.030419858886776,0.036644888850764,4672.70777168138,3349.2966281554,2733.68195849264,2387.49031066213,4039.25278961654,4213.40733425824,2984.36288832767,0.574924547519707,0.703090535059871,518.553861787067,517.227120166783,476.212611038104,682.202314942378,0.75505535621169,0.54962511330338,0.205430242908309,0.320880076024949,0.300571081983504,0.292722862606299,0.27686046089733,0.312546174545341,0.288116358394128,0.290977052840105,0.271730296944216
72,0.676195553359286,0.288931471457519,0.034872975183195,0.953193858677913,0.985891199632694,0.964431786909691,0.990125255300417,0.644545448727384,0.733132016434008,0.112713867893736,0.116402526708647,0.27540770417208,0.212800763662515,0.033240705778449,0.039958419536171,4718.26961536982,3375.89024456611,2777.0543105811,2405.06090183346,4076.72295088065,4261.97719874476,3006.32612729183,0.589386846757102,0.717951050109122,516.596383263587,516.327393852793,480.430066624716,643.621184028117,0.773203943724624,0.570028586879255,0.203175356845369,0.32278694221274,0.304167587065169,0.293657054492812,0.276121854758449,0.312977013925347,0.288692193556898,0.29198768430733,0.270930921816197
73,0.673672328965182,0.288468210284438,0.03785946075038,0.943534757952454,0.984488880013293,0.955821361978646,0.989239627367256,0.635633257849429,0.724767638087079,0.114687489532572,0.118144885293934,0.272179782967705,0.216801706146977,0.03572171713532,0.042919535779238,4620.56153856866,3297.27451144664,2721.74739188298,2338.36676165136,3986.41135643005,4171.00333874954,2922.9584520642,0.559780302268589,0.682889846754171,628.342372665165,615.932934328227,569.966992183245,768.195191849188,0.752745919919751,0.537307263263457,0.215438656656294,0.330682146977929,0.312526665678995,0.298591891995811,0.279984748858963,0.318838906215421,0.29336752454679,0.296887437756318,0.273943473681866
74,0.672623899769612,0.287741628863166,0.039634471367222,0.934299959397954,0.983637664545155,0.949068509996163,0.988935654380669,0.628432482244842,0.718742134225087,0.121796759642479,0.124248313791168,0.268836992163957,0.220372425587103,0.037030484989155,0.044523104732964,4622.6238345716,3278.57634939642,2730.34452274081,2331.29689774803,3987.32077125086,4178.57924541136,2914.12112218505,0.549456375910361,0.668445216840585,490.363348991672,491.728498772782,444.172377774057,673.283699022472,0.747581172635522,0.538956038446232,0.20862513418929,0.335777024273687,0.318625750695856,0.29739398671249,0.281774990105985,0.32066948061795,0.295524329968254,0.296061024905424,0.275525735006173
75,0.669449631540644,0.287727590654947,0.042822777804409,0.928823344139869,0.984223964677732,0.944414353676014,0.989197694592129,0.621800445500784,0.711941359782069,0.126089623828853,0.126732073094769,0.267248102953435,0.224486644253823,0.03977479568565,0.04779596064184,4721.80572250827,3380.31434912448,2796.60620586871,2374.96434316434,4067.37443712566,4283.43430663985,2968.70542895543,0.55473749966474,0.675480904638765,494.918154869807,500.275492348238,452.617715120143,658.322974984632,0.750205257057801,0.532579242435627,0.217626014622174,0.3408787128377,0.323193354611568,0.302019985737188,0.283445882857496,0.324887542041232,0.297430521589323,0.300698970673048,0.27731217694325
76,0.667488830277225,0.285854612340583,0.046656557382192,0.925206402053761,0.984952091447772,0.940579074076084,0.989457701175127,0.617564939071865,0.706398080636242,0.127289489843124,0.127976418899931,0.264474517394104,0.226871394771909,0.043166945587793,0.05168261603962,4811.05315740186,3449.17037953833,2853.80646883627,2393.34879026439,4138.76340144853,4368.25699144622,3015.62906706975,0.544307360255885,0.664630479688549,506.007838501746,507.330110080673,459.041423703222,684.713662873882,0.73952429320117,0.533035669458202,0.206488623742968,0.343089876941522,0.326612937973121,0.302139145399275,0.283858554610664,0.327063722901901,0.299013028091034,0.300503606017377,0.278060007141712
77,0.668119790514125,0.284817464805663,0.047062744680212,0.919068334740245,0.984141457800488,0.935088047910999,0.988308633128699,0.614047743274819,0.700143645020131,0.131920713442428,0.131926058058504,0.261766713083879,0.232326398439311,0.043253878381548,0.051671414341046,4905.12922136778,3490.91370067697,2908.79672889146,2423.82444959597,4219.76184900382,4460.73132048366,3057.14558915308,0.538803290696194,0.663805169071825,654.502229362962,639.120076367147,582.441915511901,836.126093279431,0.732233518692864,0.517928511771631,0.21437460668523,0.347536522359187,0.331884587613598,0.303947329343091,0.286297211716439,0.329515318317094,0.301205090889898,0.302328035239342,0.279938954279923
78,0.666804437908349,0.283287520300556,0.049908041791095,0.913649582967515,0.984124228234209,0.930231113815947,0.987911434701139,0.609225596615851,0.693158250850834,0.135969800063852,0.135506765570222,0.258825524782505,0.236521869129487,0.04559846156916,0.054444108253889,4994.6311993024,3542.53032443095,2963.10233425544,2479.32938635859,4293.59063670663,4549.38367636068,3099.16173294825,0.54041139114439,0.667741624266262,516.974199321739,519.792555748295,464.382191361908,692.297703336864,0.736916461055493,0.511710851038052,0.22520561001744,0.348418103737885,0.336697116475025,0.304572612561872,0.287867974003014,0.329606080657528,0.304018838659854,0.303159583882692,0.281545441057641
79,0.664834846488951,0.282266563178119,0.052898590332931,0.907333915901839,0.983956429838224,0.926046614738057,0.98827735449125,0.603227204692817,0.684323409643241,0.139353229932383,0.13778383247616,0.256110026096556,0.242372633157757,0.047996685112465,0.057260387037226,5063.5577617073,3588.56590068489,3010.18144194544,2506.02612385282,4348.66846664241,4614.2438460027,3132.53265481603,0.537652898684021,0.666259484870976,524.662281482943,529.125402469484,475.075574992103,721.174579719536,0.72709677590137,0.51433786460466,0.21275891129671,0.354216702091257,0.339756497091939,0.307789151933003,0.287391062115228,0.333528519127959,0.304248593034483,0.305721285638438,0.281318949831292
80,0.662658363635665,0.282124998696821,0.055216637667513,0.899993925856936,0.983570437956097,0.92127959971891,0.988946546615032,0.596388502190395,0.676471582271097,0.145039178222765,0.144040213398569,0.253910785159535,0.247950492660567,0.049694638507005,0.059148363024434,5119.7871365647,3635.14924255685,3046.57010069205,2523.84951774798,4391.54183611523,4674.18100351994,3154.81189718498,0.54168535255947,0.671531084808503,527.874737291621,527.52376606464,477.59564952409,700.851957738086,0.735133961552284,0.529397314655661,0.205736646896622,0.355245011549813,0.344261047657286,0.305592807318853,0.288270050496773,0.332024945322461,0.305656844152194,0.303596502761823,0.282714782099158
81,0.661801380318303,0.281845435605873,0.056353184075824,0.893404703635933,0.983118995223172,0.915520041925464,0.988075001656087,0.591256466049125,0.670785242347635,0.149137745405062,0.146976830239489,0.251802037868605,0.252563725814919,0.050346199718203,0.059770027060618,5167.30604730977,3661.90076970826,3077.65143984383,2537.40063140418,4430.14289019818,4727.43556997125,3171.75078925522,0.535920716438162,0.673095495516969,672.368650552714,655.833450070765,606.86621245044,826.830049279179,0.729899758853514,0.535092700659182,0.194807058194331,0.358513264787859,0.348902827162067,0.307914027747026,0.290168281285189,0.333520181488361,0.307718227655768,0.305320802767737,0.284018162591387
82,0.660930552749283,0.282100266200292,0.056969181050426,0.88588207331709,0.982409874814686,0.909303870083657,0.98721967694507,0.585506528388145,0.664600386310075,0.151032980855474,0.14824569041205,0.249907568704817,0.257708074101879,0.050467976224128,0.060101414402732,5206.10768189119,3678.79962115969,3102.27947865225,2546.77455529026,4461.11715535508,4761.27998163393,3183.46819411282,0.534483140445558,0.674299681931246,528.405403728966,531.687013581921,482.257450508479,697.755428377603,0.735496161246271,0.529569628635619,0.205926532610651,0.360870516073327,0.353839757656093,0.308228945680603,0.291369730413401,0.33470782504411,0.309967839545383,0.305560411194173,0.284607726420978
83,0.659033532041522,0.280738304832561,0.060228163125916,0.879158546910418,0.981653575867369,0.904164433556145,0.986062671357038,0.579394962394865,0.658150600755911,0.153545148685592,0.1498021032538,0.246813480138689,0.260533643605161,0.052950104376864,0.062969331506297,5220.84292164334,3708.41927845167,3121.98390821242,2552.94017346266,4470.9299182087,4783.46115289527,3191.17521682832,0.537019723365069,0.674053122478236,530.039908597703,533.616983780886,483.673723850798,734.27356694145,0.727715492760501,0.534735659808988,0.192979832951513,0.364268378062691,0.357438277314741,0.308864905676553,0.292751063564387,0.335185401339282,0.311308786642807,0.306187351358202,0.285487622567453
84,0.655778883995326,0.28089122697577,0.063329889028904,0.870697454888719,0.981675160442794,0.898087354318702,0.985510176690129,0.570985005264495,0.649990754485803,0.15618777910903,0.15045533437367,0.244571276428373,0.266069193313045,0.055141173195851,0.065615212643946,5265.45309310184,3713.55132283834,3146.78664547455,2560.62338604826,4499.04170988563,4812.74712800862,3200.77923256032,0.534743506770343,0.672704813743425,528.59456252911,530.86210283367,483.175692028843,720.029916709365,0.736575336201558,0.547090441392355,0.189484894809203,0.368523155806741,0.362190223960984,0.310682290758516,0.294645443738682,0.33842400619192,0.313361249927314,0.308107387853254,0.286974360914206
85,0.654828291827331,0.279847710789704,0.065323997382964,0.86457561573497,0.980958917205177,0.893060865102759,0.984964892780654,0.566148573607294,0.642724508563137,0.159156194803375,0.153715829139634,0.241949506868031,0.271277714442258,0.056477535259646,0.066956694199782,5303.49912870464,3714.58445629281,3175.55870052749,2560.29134897442,4528.80257335837,4847.50973887099,3209.91318338811,0.533669615149583,0.673588795676461,677.184409447484,665.97071484359,615.49648506821,845.827812692487,0.729704382717354,0.532412388794954,0.1972919939224,0.370992256642763,0.365940070138699,0.311702676511115,0.295816334329797,0.339031474136627,0.314930190713815,0.308883196298944,0.287777815663919
86,0.654503885813482,0.278362207144285,0.067133907042233,0.858657197362191,0.980939344464603,0.887247010545644,0.984821434903919,0.561994472255268,0.637239017789132,0.161106533738819,0.156001367412739,0.239017712638065,0.275282879964141,0.057645012468858,0.06841744671133,5368.08318950183,3745.75130615091,3208.22864276433,2582.57433765228,4579.85921843597,4909.17869542669,3231.79321744352,0.530461288010493,0.675905588219283,527.77145643428,531.439253727639,477.931547351089,746.67114938768,0.735891173514883,0.5420811213357,0.193810052179183,0.375351353875654,0.371249483784233,0.313236860816403,0.297189706933395,0.343050520876181,0.317149960138805,0.310349446013531,0.289386455937977
87,0.6546340513434,0.276867927415372,0.068498021241228,0.854685053459056,0.979163898249611,0.885320724613042,0.984581520693244,0.559505939168552,0.630408807991021,0.163323033464073,0.157772099693917,0.236634879344106,0.27958488493452,0.058544234946398,0.06917020532407,5436.74644331727,3766.87255002368,3249.38322517669,2598.36126621032,4636.71195445381,4963.96831963369,3253.86148859865,0.535614382680115,0.683504779134087,534.126222570041,532.173766116976,485.830384596887,695.815283467849,0.742384801597342,0.552584789538231,0.18980001205911,0.374971724957176,0.372588289774724,0.312139513614327,0.297938813985201,0.342734981382249,0.318122110673539,0.308951893217252,0.290030910052446
88,0.650710730908933,0.275086973285229,0.074202295805838,0.85069786434417,0.977761421204987,0.882061114881534,0.982832486201236,0.553558229090064,0.626652507930782,0.166022097619718,0.159885281848849,0.234015900682646,0.276520055990857,0.063123734571461,0.074588857283349,5467.92243074701,3770.37065088578,3255.9666429425,2597.00500993292,4646.41354434574,4982.38114263559,3260.45832364734,0.53069479914618,0.681070610564539,533.269979579144,533.735991638023,485.512108627633,736.068389610768,0.738021934925212,0.556333152186016,0.181688782739196,0.378339641042743,0.376240541261395,0.316282054443968,0.300636274958371,0.345910673968615,0.321630571797416,0.312987316181514,0.291665245321367
89,0.646486657516226,0.273712505866792,0.079800836616982,0.848086605309021,0.977395507969754,0.879832126082608,0.982683832189778,0.548276674750512,0.62254102657734,0.168048032185625,0.162344461665837,0.232131909931193,0.274750900878476,0.067678020627316,0.080103580513937,5492.94581811555,3802.72148588216,3262.3715406492,2601.59863859011,4651.67781923195,5005.71594310295,3266.8742053709,0.537074831929147,0.683594651877464,685.163324863381,669.237708177374,615.02247405607,879.349293222603,0.738023735329207,0.542336053033649,0.195687682295558,0.37787317527785,0.378527624038816,0.315474370676793,0.302142062080135,0.343268574783925,0.321957151547963,0.312005560611849,0.293194099414438
90,0.639544658802196,0.270576565255999,0.089878775941805,0.850113313301515,0.978385292226106,0.880753622903716,0.983693067169816,0.543685428898622,0.61623888939404,0.171046843725862,0.166995506424743,0.230020740391521,0.271845964253151,0.076407144011373,0.090300438578915,5527.99863788079,3811.29231763145,3275.19143156832,2610.47408304215,4656.21826604375,5032.12220969459,3279.7156915418,0.536205133018824,0.684701722357135,530.888817101555,535.803308678596,483.809743767401,750.124321359653,0.745650274439174,0.556393772044052,0.189256502395121,0.380760540349421,0.378672497580467,0.317938653780285,0.302948418495163,0.344377303474128,0.320881301181125,0.314181726380472,0.294654518146758
91,0.637268973182206,0.268268279229178,0.094462747588616,0.850424736868939,0.978662122260169,0.880502378894294,0.983788584045937,0.541949298833216,0.614806355176013,0.17244882589455,0.169666416142162,0.228141980773757,0.269100113601009,0.080333457261966,0.094755653483147,5563.9111900898,3840.8717930988,3290.79684455579,2610.00073423301,4675.07221833126,5067.19909050884,3295.34600425667,0.535162059764049,0.686506971737553,533.817813601546,537.152994538575,487.995945232071,722.536650472723,0.737409490785653,0.550132268498692,0.187277222286961,0.379891224048859,0.379357411030196,0.317983490072529,0.303903650532099,0.343994096870765,0.321079553312541,0.314333826825012,0.295703963364269
92,0.630898317841029,0.264972009366672,0.104129672792299,0.852739298523885,0.978278283033456,0.882997132598857,0.983771300458225,0.537991788995658,0.607934516243169,0.17375898702175,0.171219428027275,0.2259520453958,0.265863681435567,0.088795464132427,0.10448008535472,5612.358593035,3871.58940689381,3295.99972247229,2618.51326444632,4686.84019423099,5091.16981111949,3300.56181269237,0.533210736275664,0.686143549346234,539.007345371986,540.16688166801,490.466198774154,741.232034322811,0.739178162885377,0.553649786640585,0.185528376244792,0.381293840908954,0.379204457277567,0.321109587575212,0.30634969673016,0.3473224984021,0.323594286455213,0.317498667576418,0.298159263126422
93,0.624499763680648,0.261356773042353,0.114143463277,0.853598989660164,0.977827667759804,0.883508278212529,0.983263021501986,0.533072367320812,0.601475465071054,0.175742155737658,0.173447587350804,0.223093877409793,0.261949761167285,0.097432744929559,0.114402441521466,5641.84564777312,3883.63189421443,3301.11879415896,2624.37488360543,4685.65626737975,5103.13606555215,3305.69426249963,0.5297713902047,0.683962671123012,672.595366913817,663.822809770607,612.925941307956,887.003729063718,0.730985600284951,0.558029501193588,0.172956099091364,0.381674564679383,0.380257741601677,0.323311828916238,0.308131206067748,0.347565269282057,0.323643785127122,0.320285988099515,0.299656230888105
94,0.620688820881624,0.258399500626905,0.120911678491472,0.854885469885903,0.977058236742244,0.884022962327819,0.982551425973569,0.530617854292314,0.597265356462438,0.178335398999058,0.177211339742772,0.220901978511714,0.258727651618537,0.103365637081875,0.121065228661269,5695.87591152414,3921.91938698011,3326.54600827342,2645.0312659645,4714.75950079243,5155.09199974778,3331.16244683912,0.531789652889072,0.687768322291905,535.783278791666,531.877056475434,484.833840219833,746.793929066754,0.739067471494446,0.573397487993267,0.165848702174386,0.382717815951643,0.38067467422777,0.325418787289293,0.309774511868528,0.347724478204516,0.324380742259584,0.321854602454438,0.301060594465125
95,0.615664334539822,0.256748002996343,0.127587662463836,0.854789661925083,0.97676264665001,0.884444870045552,0.982537611793443,0.526263508380625,0.591664983812374,0.17953168198067,0.178826542121127,0.219465538681184,0.25725704059689,0.109060614863274,0.127840622240746,5774.03101299215,3963.15612895885,3361.58318193283,2673.83849599432,4759.09353360319,5209.58455732738,3366.25141982563,0.532823533817064,0.690254595164409,540.644760237806,535.599617114612,486.876032240346,757.118706100431,0.726577911362933,0.562444483261177,0.164133428101756,0.383265908961528,0.3810574852947,0.325899466601472,0.310640677747017,0.347411000256682,0.324927259966417,0.322340318916338,0.301987671075357
96,0.614419717760082,0.253641380052586,0.131938902187331,0.851291629393699,0.975735879931367,0.881720045354316,0.981529451303184,0.523050362663598,0.589135584011751,0.18065535847573,0.180057584067585,0.215922783706633,0.254312362696949,0.112318483023469,0.132287933222668,5805.03460607737,3992.41412136991,3365.15205301037,2676.03443225926,4773.3425802737,5232.19388714211,3369.83582008209,0.528850730287132,0.689834033019926,540.377381215552,540.453776222043,491.960843550733,734.78291698889,0.723850549539915,0.551476556840405,0.17237399269951,0.385542812071811,0.383920254580022,0.329634181619824,0.312596530678231,0.349817152658678,0.326108926906507,0.32533609995963,0.30341515507737
97,0.609380133807765,0.251515643282684,0.13910422290955,0.848505848899951,0.974370121281939,0.88000778707725,0.980657580427715,0.517062607739324,0.583652073136991,0.1843536273671,0.183968351869552,0.213412494415191,0.251578861513841,0.118030746745436,0.139139186631106,5817.04881317315,4112.5781216971,3368.7173021184,2679.81604601859,4764.85281203953,5275.67052217904,3373.40962182384,0.524915777435374,0.690479404847694,684.007594907974,673.032107756956,625.897501677915,874.689794001308,0.741500832850836,0.574227362736867,0.167273470113969,0.386390000953037,0.385392812259431,0.329919426467789,0.314351693958602,0.349751718550599,0.328199798747298,0.324941261557058,0.304618118811996
98,0.605100440893942,0.249707890166171,0.145191668939886,0.846695306266198,0.973666473141247,0.87847316240731,0.980182625346202,0.512335703124508,0.578986643560422,0.186715960602034,0.186357015376112,0.211426498541332,0.249568948010153,0.122933104600358,0.145110881570672,5827.18158192078,4127.27447507302,3371.47551333701,2683.09053958934,4757.47657493142,5283.47832560037,3376.62820017733,0.519969102199748,0.687642427036234,542.871402219181,541.974317356235,497.471882559049,758.761074533026,0.727396546359793,0.571035369442572,0.156361176917221,0.388811462035122,0.386796870890601,0.332301093684869,0.315230243240817,0.351405413405819,0.329408151989392,0.327311665357385,0.305194057183369
99,0.59962526243317,0.24854307091433,0.1518316666525,0.843841582906773,0.972369027058909,0.875557860728644,0.979331262071948,0.505988730602495,0.573163984629478,0.190884918243186,0.191736371560033,0.209730978380858,0.247816952120597,0.128121873923419,0.151388090308833,5857.61294884233,4144.35305746453,3374.50546429429,2686.17319956761,4758.92880640204,5310.13802892013,3379.66947112818,0.52326708402517,0.690181940743751,544.601284086908,537.5643748161,490.739441806388,775.781218027462,0.720339541393273,0.56690983590863,0.153429705484643,0.390731066809831,0.390079665683932,0.333450233144428,0.316987068660273,0.352818369427096,0.331518130521881,0.32841252535213,0.3065215246839
100,0.594289659705303,0.244958567827737,0.16075177246696,0.844966666651833,0.97274072906611,0.875432826216686,0.979192655489667,0.502154952786842,0.568031416431897,0.191973696448255,0.193831241750232,0.206981824525209,0.244354170360593,0.135829889339781,0.16035514227362,5860.88282235351,4185.11562117525,3378.0458657242,2688.81475979502,4742.77507386571,5324.10869494134,3383.22369054898,0.521096497678989,0.689684445548403,531.750034188575,534.890239880127,492.94001284619,746.762764575851,0.729382396225546,0.582589063829684,0.146793332395862,0.391687221833495,0.391293497012569,0.334034802015161,0.318634749747364,0.354480990813982,0.333703273223828,0.32891421257536,0.308065039613503
101,0.597025825635433,0.242341571864903,0.160632602499665,0.844246828483904,0.972515228904565,0.874685540199566,0.979268279918779,0.504037159815699,0.570701890268154,0.194883214254935,0.197625651545917,0.204596103456748,0.241643465700948,0.135613565211458,0.160169872935463,5847.38813983505,4209.53356507094,3381.5737142223,2691.67122322307,4742.90777493731,5346.10716536757,3386.76746863845,0.519934129037375,0.686700580577771,680.498383832757,676.467542307771,631.971167126007,918.195510200969,0.728674204120235,0.582028803340181,0.146645400780054,0.394039114865983,0.391748886961165,0.336512154800742,0.318885527909511,0.35726683792065,0.334275426873798,0.331482283534901,0.308730503928316
102,0.591893189790072,0.240001606827556,0.168105203382372,0.842033809703185,0.970970267096057,0.87315727453334,0.978296629759049,0.498394077536304,0.565165876777251,0.197372186780325,0.200019349523991,0.202089467331893,0.238647587586424,0.141550264834987,0.167156802732381,5866.48760850557,4189.12989397126,3384.75081347568,2697.04672780002,4738.06728611591,5347.24725786631,3389.95481434451,0.516384042760511,0.684687871653139,545.611663780137,544.273905051971,501.191868013906,808.73227051934,0.742663861187165,0.59837496019345,0.144288900993715,0.391248367013918,0.393044757560619,0.331750444513988,0.319762694578674,0.353735867133597,0.334016242443849,0.326794549733522,0.30921455052588
103,0.59056830763629,0.23751757102706,0.171914121336651,0.840511125875802,0.96966009967043,0.870907003243246,0.977265642159717,0.496379233157945,0.562974166043392,0.198176426869354,0.201847237719641,0.19963616103924,0.235924714494641,0.144495731678618,0.170761219132397,5883.51916701466,4190.16371010777,3387.7427315639,2699.72293011429,4743.38887765816,5360.54152897697,3392.96435774214,0.514322395968155,0.681942087985538,542.560425886262,543.566702367299,499.970208603149,790.162195788504,0.743696557301556,0.594407674425953,0.149288882875603,0.394292322935793,0.394299908624967,0.333424893159381,0.320710472743754,0.357060584453701,0.336143596443426,0.328292034651373,0.30983793645773
104,0.588076191444518,0.234871659465597,0.177052149089885,0.839875873952591,0.967593142770127,0.869585524001224,0.976168538499252,0.493911005240176,0.55907989280884,0.200255310157183,0.205692974184298,0.197263040260364,0.232927019364477,0.148701828452051,0.17558623059681,5901.25486187963,4208.58002796008,3391.09054139213,2709.93077338048,4746.6576140843,5382.47427630726,3396.48907487912,0.510604221829914,0.680833725167436,527.612071653042,532.17291126411,489.232048887318,750.330117612826,0.735200824865605,0.588439473356461,0.146761351509144,0.394314803384219,0.395617184939914,0.333994220791783,0.321767091885435,0.357767606185719,0.335957124053683,0.328465980541089,0.31027358547192
105,0.586687839546616,0.230489101774676,0.182823058678707,0.840158737308205,0.967131656144672,0.869119244408334,0.97538843570964,0.492910914467564,0.557797201690462,0.199591203358031,0.205481903291582,0.193647432710314,0.228270880365784,0.153600390130326,0.181063574088426,5928.36071626416,4197.58632041196,3389.32242799966,2711.72302090917,4755.06451970454,5388.7578622539,3400.0035020149,0.50671495569128,0.677411176460665,677.803118362041,666.870448774786,616.229710072828,946.771773936632,0.732318393283141,0.579923207476689,0.152395185806453,0.397291733812551,0.396432834860804,0.336799238003348,0.323349783175655,0.359412701075147,0.336007015077424,0.331125382991998,0.311201816848045
106,0.584885656752216,0.228242974591814,0.18687136865597,0.838433092464974,0.967061304043908,0.867188679545575,0.974446915238641,0.490387489929168,0.557063480380917,0.200499788582418,0.20643455952231,0.19136646302042,0.225429750552255,0.156679139515387,0.184568073110736,5926.67189956279,4206.16131955865,3392.92724926232,2714.37960680933,4748.07702645226,5394.35941368075,3403.1602944344,0.507234759790925,0.677211258129552,535.000382595056,537.920559956672,487.047342850561,787.255733647604,0.724372002282518,0.564495590793225,0.159876411489294,0.396137140624625,0.397979662562505,0.338511747860711,0.324810235292015,0.360023400021118,0.338463258274211,0.332573561854493,0.312080496909327
107,0.585144215009375,0.225704364924506,0.189151420066119,0.837961177019283,0.966732552467082,0.866496121454495,0.973900789518603,0.49032813513528,0.557384276490081,0.200336229957274,0.206375991443263,0.189131495290529,0.222707977097193,0.158501546593474,0.186640298879807,5939.71726024492,4196.52348896036,3397.45076534099,2716.82954122341,4756.3028267772,5399.41571237332,3406.13878974659,0.507226034069736,0.676941199910764,528.951899726498,522.121546974093,478.735551185418,751.79970131704,0.728660313616522,0.589631414422544,0.139028899193979,0.396999002791416,0.397540720891144,0.338534841139178,0.324622085100887,0.361217542062053,0.339153830460592,0.332499270604253,0.31161904322844
108,0.579446573662425,0.223617200674536,0.196936225663039,0.839022319691557,0.965662779541855,0.867226615130828,0.973370718895657,0.486168608371573,0.551191192653158,0.200134413356443,0.207300508910338,0.187619822432882,0.220383357297361,0.165233888887102,0.194088229591336,5956.99360128373,4177.36226846244,3402.40719512493,2719.82589747318,4748.22855083054,5386.99909237552,3409.63465952812,0.501084900119918,0.66855861830125,524.781365242916,516.422390488081,470.628756069092,752.189623261729,0.734830279704006,0.592299598777348,0.142530680926657,0.39341116590014,0.397392535129605,0.337806518229885,0.325601336215526,0.358537831864293,0.339981727822141,0.331792663984082,0.312388744734602
109,0.575725435826141,0.221091490106878,0.203183074066981,0.838646628473625,0.964855980237033,0.865477247353627,0.972364323815548,0.482830195682102,0.546835554695734,0.200965249565177,0.20950939908693,0.185417632762343,0.217832428766965,0.17039880002918,0.200187996774334,5968.24886156422,4192.70009592437,3407.01215495822,2722.77757434457,4742.55638865086,5400.1772209468,3413.12038506525,0.49960014886256,0.665787357046385,660.667974539972,651.40642101991,605.161798360026,905.33265323112,0.728338712907499,0.591816622492418,0.136522090415081,0.393965089451807,0.398087741959009,0.336677583527219,0.326229526189191,0.357650334070809,0.339992285337207,0.330439359626001,0.312320122073563
110,0.573794370088812,0.219154131540043,0.207051498371146,0.837775418634625,0.964735915470959,0.865719582559107,0.972489825601373,0.480710818611346,0.544631528702613,0.204412815499995,0.212715592914095,0.183601944296467,0.216016883816302,0.173462655726813,0.204087502952044,5990.35036814855,4214.15146190812,3411.81496196083,2726.21358006577,4749.40926769931,5424.34774214924,3444.27142293566,0.499147307392853,0.664724413188075,530.07794391674,524.274772287961,475.327509764762,808.916277800781,0.724647946953534,0.583440746802849,0.141207200150685,0.397935187705473,0.398850750209002,0.341034120148665,0.326926295615649,0.361094383181494,0.340821832973739,0.334699116780546,0.313247066683986
111,0.575534367936407,0.215298067830722,0.209167564232872,0.836174570157003,0.963914115070903,0.863709426620192,0.971613914775004,0.481247202719807,0.545835087966582,0.204815349380692,0.213868355563945,0.180026769323987,0.212058644886054,0.174900598113209,0.206020382218266,6005.0003849684,4217.07974294154,3416.573872639,2728.61460926719,4762.40352595142,5440.94546509896,3454.89467448746,0.500515702933009,0.664598548236479,528.997198141913,522.378738683163,476.862279036003,780.223927250015,0.730609952417304,0.592326805709924,0.13828314670738,0.397969485713721,0.400584937955927,0.340831397774218,0.328202978037024,0.361523454665241,0.341781944297763,0.334449633413377,0.314295270112502
112,0.575188680867158,0.21315047242271,0.211660846710132,0.83448459338308,0.962827555535679,0.862205976144117,0.970705037901657,0.479986092471981,0.545355276790173,0.205943231884189,0.215226006176566,0.177870785309076,0.20946808484207,0.176627715602023,0.208004193903436,6025.05913741476,4235.25629315013,3421.0902502291,2731.42590938217,4772.8887411391,5464.22538950465,3465.53397686091,0.501674245936779,0.664563146802525,526.314626722504,519.990770392266,478.567280987529,730.25759241019,0.740704125119007,0.602858640121954,0.137845484997052,0.398475040334876,0.402108613876775,0.34235238557247,0.329423679038862,0.362045280837468,0.342652664565988,0.336356012781364,0.31490592609216
113,0.572071353031393,0.210706172387641,0.217222474580966,0.834973254983154,0.96159848060754,0.862634470216941,0.969958297137644,0.477664279723239,0.541606765421584,0.207238827836983,0.216893125652108,0.17593401860355,0.206798136484293,0.181374956656365,0.213193578701663,6032.62618148326,4259.67833135958,3426.89769528703,2734.29988064476,4767.11250483179,5474.40768297207,3476.17297018085,0.500565469840293,0.662592765926183,674.409158212643,664.906162411026,619.884401595159,893.966989806954,0.723693082393522,0.582358326028161,0.141334756365361,0.398591984952614,0.402326222643122,0.342639245685116,0.330978529391022,0.360547799466849,0.342901086510927,0.336755262622199,0.315972171572469
114,0.567843089465754,0.2089743329354,0.223182577598846,0.83380381632723,0.962056816325163,0.861607751407685,0.970276866040741,0.473469735071591,0.537330918609531,0.208873542032369,0.218809906544866,0.174243596315974,0.205380983138252,0.186090484939666,0.219344914577379,6037.00948266981,4295.808719267,3431.80809113987,2733.3139392388,4755.26197272771,5488.56820120225,3486.80084119862,0.499109902187176,0.663077490188601,547.99446355132,533.239507283184,489.428501072084,793.80547655135,0.721963432457807,0.586668204564006,0.135295227893801,0.401917361816625,0.403744977258432,0.342391472103191,0.330736425605501,0.363629163062132,0.343700889505266,0.336721899025208,0.316092839895202
115,0.569394171913311,0.206205245228032,0.224400582858657,0.831941728293405,0.960223760511004,0.86031612359241,0.968577371782921,0.473702771461752,0.53761492194629,0.211170476555848,0.221146374010224,0.171550748098174,0.202375707683703,0.186688208733478,0.220233130881011,6059.6668493219,4276.46896484206,3430.96335673787,2737.76881315864,4772.17854548976,5510.12899363631,3497.42317342871,0.500651097617641,0.665096267811111,543.370476572612,524.38087426441,483.950605511996,739.636439314659,0.722725491802547,0.590864247003272,0.131861244799276,0.398412698932486,0.40473051586796,0.340989211512511,0.332481026977799,0.360466876792194,0.344879235206032,0.334674240769738,0.316551246592787
116,0.566338038028447,0.203320476470153,0.2303414855014,0.833700260470668,0.960905207324084,0.860500635137837,0.968704271407137,0.472156169818763,0.534981322132627,0.213523862267183,0.224511817938457,0.169508334192187,0.199692513688407,0.192035756459718,0.22623137150305,6083.9602702665,4276.05057089544,3436.09707509808,2740.67210290039,4775.49750086671,5531.62914457922,3508.06162301487,0.503900793067175,0.666753997445083,542.392064186087,521.379533740684,477.206998880067,767.758542864481,0.729205699112295,0.594114608722777,0.135230416235148,0.401211395887051,0.404279834154934,0.342164544502475,0.332035642876214,0.363363446021436,0.344949054708242,0.33514863882319,0.316510152474532
117,0.564447240079423,0.200359185458801,0.235193574461776,0.83440702264324,0.961238066779616,0.860231668642244,0.96910659440976,0.470978741033865,0.533693699182275,0.213961194289951,0.225702261316252,0.167181111397903,0.196675234602858,0.196247170211472,0.230869132994484,6101.06404972788,4286.3124982914,3441.66080178565,2743.54304214909,4778.56081406073,5543.95383410701,3518.69976773001,0.502428688052361,0.665371804340416,671.968678267189,653.732643610574,606.98924708091,912.708367109669,0.727913160796408,0.59267389288588,0.135239267910528,0.402790273302836,0.404084470778519,0.344145709727884,0.331937551404588,0.364583025585834,0.34446678321925,0.336651439026831,0.316192132115117
118,0.560764666010155,0.19884666049506,0.240388673494785,0.831130677554538,0.958433125841934,0.858006328227702,0.966560935345526,0.466068716809664,0.52860004558505,0.217119861227882,0.228542594944584,0.165267559666716,0.194590156950721,0.199794401078158,0.235242923306163,6117.51692122859,4304.29233233431,3446.63346639637,2746.09756433288,4775.96963866489,5561.62360564276,3529.32675361587,0.500082330860102,0.664731326813152,537.53967688253,514.930997804829,472.905273761144,760.21042388102,0.727195858453162,0.600296984168982,0.12689887428418,0.407047206377926,0.407161908782737,0.347058433268444,0.334648353642098,0.368432370903346,0.347235322369717,0.339406439529451,0.317422891039596
119,0.559575786868755,0.194983899819365,0.245440313311879,0.830523053030005,0.958388769195114,0.857493525248595,0.966730853049425,0.464740590911907,0.527550788786744,0.217886265429787,0.230014000833565,0.161938623769676,0.190739898274598,0.203843838348423,0.240098082133773,6141.35338559675,4328.28921152858,3451.46181349433,2748.53535116603,4784.13351539611,5582.72869425798,3539.94818546352,0.499681746232065,0.665124181374049,546.272900119197,519.428639827428,477.512544319869,746.898490925227,0.738041538380738,0.604795606287472,0.133245932093266,0.404807073077276,0.407264836626276,0.347153255665727,0.335506476309458,0.368681006181008,0.348774103108744,0.339285559588968,0.318533324695525
120,0.559588392883142,0.193119497587917,0.24729210952894,0.828758248275532,0.95685299002396,0.856221026332741,0.965594631670043,0.463763496241154,0.526189449615194,0.218442672486522,0.230898555525525,0.160049376528813,0.188844992296279,0.204945375505565,0.241818548112487,6161.1183020848,4354.60353827205,3457.1228127468,2751.31052503235,4795.70549342836,5605.3010323712,3550.58580050391,0.500914327010074,0.665054148804785,541.561054245221,517.326894891343,473.83810359486,758.36977244521,0.735562455139352,0.602345766398069,0.133216688741283,0.40707082545447,0.409245714171283,0.34806524792629,0.337263337241036,0.369771603388859,0.349679079362013,0.339889755900102,0.319818812720137
121,0.558152663137177,0.189762252286092,0.252085084576731,0.827619360863262,0.95506199775998,0.854923805349129,0.964128474140823,0.461937950329718,0.523684413987994,0.218035897500652,0.231021365305513,0.157050913952988,0.185265758222095,0.208630496580556,0.246111825549891,6158.12429812195,4363.54443685554,3462.45183757048,2749.28880606468,4787.27083725869,5600.20408424716,3561.2231147066,0.49563939402244,0.658343586879573,673.543476143697,654.244876005875,613.936449975342,892.620717393664,0.730524505760384,0.608110316866819,0.122414188893566,0.403977130310805,0.408733133682212,0.348320348289292,0.337851606615099,0.366505389302583,0.34933663606367,0.3395838735194,0.319806341997418
122,0.557043092578132,0.187202421230054,0.255754486191814,0.828119990099312,0.953819842108941,0.855244997066352,0.963440188684262,0.461298520310693,0.521735375640143,0.21853470224921,0.231540373194052,0.155026067215599,0.182607510896808,0.21179540257302,0.249476955571991,6174.30052511433,4383.65765668786,3467.42464248953,2756.62071797559,4793.47986287482,5613.41636119057,3571.84923375792,0.496292383017612,0.657431657507258,547.134606030016,508.872799182758,468.48821499187,753.980658098427,0.728501176806753,0.608356949579847,0.120144227226906,0.40989717916978,0.410874788111534,0.350831625347527,0.338966436876816,0.373085707101132,0.351387837777909,0.341811665719946,0.321163105930871
123,0.557584199874649,0.184713666296118,0.257702133829234,0.82611590039074,0.953035706834414,0.85379547325821,0.962504752925247,0.460629173323096,0.520981088163188,0.220045871850722,0.232466452904196,0.152594896746692,0.180387754307873,0.212891830320952,0.251666864363352,6175.56897976977,4366.40840833684,3472.04579732073,2758.95534747972,4795.72267731187,5617.15361860606,3582.46978353983,0.498705977217384,0.658601901648878,542.019711518218,501.280148153468,463.869734129724,754.05280811921,0.727006441903573,0.618172141144593,0.10883430075898,0.410193375598679,0.410860330218445,0.35133483328824,0.338065433800128,0.374750742478336,0.351661288006223,0.341720964471933,0.319834000034686
124,0.555648557196687,0.182567833022136,0.261783609781177,0.826117493385334,0.952234619598381,0.854782065531508,0.962236008031913,0.459030993274505,0.519025856365968,0.221099384002169,0.233138291480035,0.150822480589039,0.177989711590853,0.21626401952179,0.25521905164156,6197.57407626769,4366.44732391677,3476.70775357488,2760.82089277758,4801.14575348976,5622.30160829796,3593.10658167177,0.49812606380646,0.655409598938805,538.341693371419,504.479275301481,466.170935814049,746.397934242641,0.725469758314329,0.612265623168604,0.113204135145725,0.408238732358714,0.410497555587125,0.350776883632019,0.33906145501345,0.372935534226325,0.352808543643203,0.341112681226692,0.320594631761556
125,0.551622700703459,0.179646398056638,0.268730901239904,0.822623175084129,0.950661162969305,0.852494664160602,0.960923052649408,0.453777617501161,0.513994983560836,0.222389750484586,0.234212254311655,0.147781290361779,0.174954232533534,0.221064267221189,0.261711946874935,6219.12343385673,4382.99750627259,3481.67135192943,2764.41667649004,4798.96356705911,5630.28435411533,3603.74308285695,0.499799651615347,0.655007400003388,665.030683469179,641.584639391919,600.743893387026,961.549274668889,0.72353304660297,0.618159470325287,0.105373576277683,0.411524264903283,0.411554524417555,0.353274532075942,0.340465398496177,0.376669589982898,0.353794481631444,0.343386858340862,0.321635394890834
126,0.547888505732935,0.176895458573096,0.275216035693969,0.819743901800543,0.949472972838763,0.849684047200917,0.959952079411261,0.449128261441185,0.509668535403333,0.223782398859,0.237175964965403,0.145008973421506,0.172080136490992,0.225606666937851,0.267724300944438,6220.22121989458,4395.16550263965,3486.56980459791,2766.93105533863,4786.24987001663,5632.20816211122,3614.36835277309,0.493424519884203,0.652935528215355,520.495584777179,491.973754420192,452.074716476531,749.8458980795,0.711728707286609,0.603176175271954,0.108552532014655,0.41013101366805,0.414229701849366,0.351158417921348,0.341030886312438,0.374260114362849,0.355543183571864,0.341423812984046,0.321135956136666
127,0.548297429098889,0.174168214558792,0.277534356342319,0.816929043283925,0.948749328109592,0.847345333768963,0.959409068067853,0.447920094188791,0.50917478730955,0.224144577474727,0.23821215201604,0.142283072889984,0.169491868917002,0.226725876205151,0.270082671883039,6245.41979347083,4405.84687087908,3488.99928256139,2769.23751177774,4800.57894243423,5652.0712544001,3624.98803821116,0.491195529297853,0.651387775250648,521.42667874998,497.007708241591,460.927566901027,734.504483165151,0.709585771822996,0.606356952540407,0.103228819282588,0.411258682886694,0.41672125274327,0.350246585073014,0.34183318954981,0.374394885263839,0.355638323533694,0.339415665237573,0.321688608450468
128,0.548438992212655,0.170682704394206,0.280878303393138,0.815266415021758,0.947961656368428,0.84609794917414,0.958634898347013,0.447123891039358,0.508245176491345,0.225266174596687,0.239800241129486,0.139151876517683,0.166205665807765,0.228990647464718,0.273510814069317,6255.60995154514,4420.59778017971,3493.77627718864,2771.75651546692,4805.67386852298,5667.73274774292,3635.62403649482,0.491811988791476,0.650145177691255,531.699699847458,495.477230000199,455.129727053839,771.318700763071,0.708005790356318,0.600827523434874,0.107178266921444,0.412359879561506,0.417689031369287,0.350253726394543,0.342901590998267,0.373554572756318,0.355876463309482,0.33931307927505,0.322443912742566
129,0.547270368456892,0.167979546629792,0.284750084913316,0.813234902793065,0.945666028519308,0.844110030546224,0.956774896519416,0.445059364893566,0.506194024443429,0.222972356449735,0.236917561417316,0.136606830274702,0.163060473310599,0.231568707624797,0.27641153076528,6252.77729517044,4438.44068644427,3506.34568393191,2774.5067062511,4800.99511271859,5660.60314967416,3646.25974158668,0.491429287009616,0.646888696411788,652.978284088134,634.580815349914,594.197599192532,894.521164330446,0.718965059888589,0.609756466675282,0.109208593213307,0.412505618692533,0.417952414285178,0.352297677326421,0.343922677578159,0.375642225464376,0.356444324503776,0.341126658233307,0.322896701401151
130,0.545468449260544,0.165446673140816,0.28908487759864,0.813334346201507,0.945520405808381,0.842897499323436,0.956018570892027,0.443648224552874,0.505092967586915,0.22329033391415,0.238621256069252,0.1345634617302,0.160312863419777,0.235122659918432,0.280114574801689,6274.98353749844,4454.32902054416,3510.35316977734,2775.57827113936,4805.95949760146,5680.54570643319,3656.88417949547,0.492670927967609,0.647906087847966,516.487456725577,489.756143833831,454.434833411219,743.283270220565,0.722933701230556,0.624239348323579,0.098694352906977,0.409703427780585,0.419671375116706,0.351653393341127,0.345174661984465,0.373735760939448,0.357949435668356,0.340421750930417,0.323568688443067
131,0.545918674562244,0.162175206582365,0.291906118855391,0.811545757418758,0.945056995537053,0.841545497048572,0.955959119511011,0.443037984236661,0.505437106836133,0.222428212354905,0.237633935685662,0.131612600860429,0.157010302502654,0.236895172321668,0.282609586198266,6290.50586618024,4445.07402014262,3514.47591619005,2778.95418139884,4815.2592120971,5680.92163858839,3667.50301774304,0.491050839218577,0.645132886633172,520.580540132549,493.141946229968,456.510224148764,787.970751015984,0.717243962777611,0.620621573974132,0.096622388803479,0.410887799977635,0.42054111998844,0.352854141849377,0.345160219690482,0.374340744247424,0.358205856348601,0.340807131500748,0.323598927244382
132,0.546338042489655,0.159030479286537,0.294631478223808,0.809478299301423,0.943535614009046,0.840786880514244,0.954794671591545,0.442248789478194,0.504672204610022,0.223588751805823,0.238222812880288,0.128731721909956,0.153842871730013,0.238497787913272,0.285020537669011,6286.66819788785,4465.98566945917,3518.58904661069,2781.66063128756,4813.7736832241,5687.13270951451,3678.13823268693,0.492947150504144,0.643626842345741,525.990680296292,489.200304784704,455.256702317,793.630425736368,0.710028092020608,0.622550475733715,0.087477616286893,0.413318105986975,0.421618551513368,0.356415630512139,0.346292642318776,0.377136792985892,0.359143738991087,0.343880958306422,0.32416370263709
133,0.547394783684045,0.15535941914295,0.297245797173005,0.81022866050567,0.944529546525565,0.840826520962213,0.954893884079111,0.443514942352115,0.50577408114914,0.222339866517343,0.236961544818603,0.125876654069131,0.15060541016631,0.240837064084424,0.288150055210115,6279.59710938895,4468.79234534425,3524.50987850235,2781.40465748606,4811.74535347978,5686.44831369263,3688.77315806407,0.491017980867968,0.638783826469411,656.875765650121,632.642137817639,600.707154098007,958.710619278053,0.693361648223711,0.61654418805158,0.076817460172131,0.414569856504225,0.420114948112003,0.355772510659405,0.345406665619998,0.378340773563908,0.357513899026846,0.342993426340281,0.323696622648222
134,0.546115298861562,0.152967272051289,0.30091742908715,0.809438622205255,0.942536600233612,0.840346306353501,0.954055049523778,0.442046815075714,0.503190510486121,0.222137450667321,0.237527085572415,0.123817617931692,0.148067499667887,0.24357418919785,0.291278590079605,6293.37468307566,4484.64600053517,3529.99755714735,2783.48087192559,4814.4802004533,5692.38404674949,3699.39678054687,0.489065370717385,0.634951590556876,523.467582547213,487.916424763456,459.802955810263,754.934432641414,0.700628453061154,0.624550049502907,0.076078403558247,0.417071716180163,0.422009030900807,0.359662343228046,0.346307685475649,0.380421467084076,0.358918058518822,0.346223947133881,0.324027726907832
135,0.544569909251371,0.150145094543339,0.30528499620529,0.808844924080693,0.942098141959749,0.83835134925875,0.953283685532537,0.440472606905054,0.50209178515775,0.221905495249927,0.238612936974957,0.121444097596996,0.145060235113385,0.246928219578642,0.294946121688614,6303.50931365537,4502.82419624239,3532.91708678646,2785.73537784112,4813.59487916498,5706.7372301485,3710.01478821352,0.492025367073861,0.633976952638426,511.397831208698,486.341482826163,456.063248677466,777.178818580846,0.698924322071312,0.620670826512229,0.078253495559084,0.415847323893463,0.423724770529634,0.358592918031799,0.348060837803503,0.378739054943447,0.359388262586834,0.344765774803252,0.325255301608286
136,0.543574316493899,0.148071150591236,0.308354532914865,0.809069349337267,0.941167307970338,0.838092201355494,0.952494678228927,0.439789318562169,0.500593989289106,0.22207995604398,0.239606394067084,0.119799829464472,0.142928412169552,0.249480201310626,0.29764490651168,6312.80025239041,4516.6925977376,3536.82512636793,2788.74198886508,4815.09908165349,5717.62536127056,3720.64923579861,0.493461531625963,0.632382045172703,516.652858399891,494.109840303991,461.030969380291,734.885662678178,0.702338502512685,0.610075707211947,0.092262795300738,0.416249652698389,0.423240057317015,0.360041877324987,0.348668386996485,0.379317406063069,0.359524815121574,0.345839143683268,0.325584003263194
137,0.541123574878615,0.145900235398808,0.312976189722577,0.807542584139482,0.940428590839191,0.836560668682998,0.95149766014797,0.436980329996272,0.497763743972621,0.221966438049292,0.239554960296559,0.117820653120512,0.140745747275043,0.252741601022698,0.301919099591526,6334.76514477717,4528.34907993935,3538.66517296333,2792.91551210039,4818.29889808544,5727.05670998188,3731.28339731778,0.49360873409343,0.633093022051352,659.4933175806,636.772871304485,598.58161836695,958.94693431472,0.703879697047409,0.611462941933972,0.092416755113437,0.41780332392092,0.424575402713483,0.361639744194628,0.350400243199218,0.380755064292757,0.359945001069639,0.346764162223972,0.326606649914658
138,0.539561891431817,0.142447377163319,0.317990731404864,0.808708210976502,0.940851177079853,0.836562695613065,0.951751776939833,0.436348131930923,0.49604962070512,0.219211897226244,0.237293659405736,0.115198363544042,0.137609841333018,0.257161715501537,0.307191715041715,6348.82644890484,4544.08152179362,3530.38022612268,2794.7473288536,4817.18195793781,5727.56298885498,3741.90622043309,0.495337217577879,0.632973990045194,519.48124679801,488.407020824586,450.749327229662,791.686871616416,0.718899889307215,0.622851088077371,0.096048801229843,0.418267162441313,0.425034015691983,0.360405055788006,0.350369114568536,0.380770173160199,0.361288248379119,0.345571868643218,0.326829712251035
139,0.538882490474057,0.139396573006534,0.321720936519409,0.807395059666207,0.938652651222953,0.835361530999117,0.950571404765908,0.435091060549376,0.494297578292712,0.217577368366177,0.236086911309704,0.112548104379875,0.134329261164305,0.259755894736956,0.310025811765937,6352.57563197262,4545.52324485267,3528.22354447541,2795.69504700463,4814.54767712805,5721.24353047394,3752.52341360802,0.493375399262425,0.631049896146431,514.575512894884,493.633216357334,450.192784607521,814.548270843791,0.713350000180526,0.606642290500017,0.106707709680509,0.419030763112585,0.426088138573959,0.360865731487216,0.351367393611521,0.382166064058715,0.362182141173776,0.345703797443446,0.326753079379683
140,0.534895728700385,0.136211648151375,0.32889262314824,0.808136084696481,0.938112436683124,0.835526353556431,0.949855168983749,0.432268539912801,0.490872123924974,0.216510367483072,0.234713763962799,0.110077548027107,0.130979962730294,0.265789996756574,0.316260350027856,6385.17280131806,4545.2026900939,3532.89228553418,2798.26853804679,4816.95261914419,5722.514634456,3763.15710931049,0.491395095104866,0.627151499270991,508.902871852953,486.250363052233,449.974792418077,740.476588786339,0.712880404286565,0.615796804926233,0.097083599360332,0.417201781049235,0.426079620356781,0.361100383285313,0.352137680351609,0.380571582145696,0.363242196236635,0.345060354580034,0.327057154794152
141,0.537148101668883,0.133169533710954,0.329682364620163,0.807122388450454,0.939005734028634,0.835409328621808,0.95121196899993,0.433544258770616,0.493457794053512,0.214872715527759,0.232772883933011,0.107484112117618,0.128190921602134,0.266094017562219,0.317357018372988,6366.16090601552,4566.59322530505,3538.47184431726,2802.00571220455,4814.55976002076,5715.49256190453,3773.79052232908,0.49105292264243,0.624081281868278,639.807264590902,619.193702315634,581.43361373794,967.693620168991,0.700174262923526,0.61321469199054,0.086959570932986,0.41990745146063,0.425807223785271,0.36152877911032,0.350789698763006,0.381864551500205,0.361093074961254,0.344879052472344,0.32644977023411
142,0.540122452920105,0.131197609438916,0.328679937640979,0.803365138973593,0.937217019636872,0.832325715008554,0.949664564225029,0.433915549452918,0.495441681750503,0.21579969089497,0.233593054168293,0.105399585739898,0.126033263871636,0.264050003780777,0.315742074014734,6364.91003866798,4567.61051226103,3544.55547857273,2804.31882897299,4824.59136584577,5729.41435392537,3784.41256163494,0.490482964101395,0.622496968379624,511.329354676649,476.539159493939,446.27821741087,748.739467464673,0.706644953044579,0.628501708486025,0.078143244558554,0.419031755443935,0.428386435008624,0.359344218618904,0.351448763371213,0.380274875159901,0.362996665420343,0.342884485201695,0.326172975802864
143,0.535997263965649,0.129355251930772,0.334647484103579,0.802147623977416,0.934813359018276,0.830138161774482,0.947661065992123,0.429948931748441,0.490415269220668,0.21519460276955,0.234197707874412,0.103762007985269,0.123889844604424,0.268436684243706,0.320508245193184,6373.69984449811,4584.73450398946,3550.46991304967,2806.63625983436,4814.79137121189,5731.99441242217,3795.02895590919,0.487704542557054,0.619754172929611,510.211015735963,474.164282392196,444.522773640722,763.154183240818,0.690607383133983,0.61764722579815,0.072960157335833,0.424362917701848,0.430689100369731,0.363142548410483,0.353427035934383,0.385026728079382,0.363876467784418,0.345705453535137,0.32709150687564
144,0.534039565376897,0.126979728452058,0.338980706171045,0.799479725002477,0.933853566641912,0.827382850606079,0.946760421898544,0.426953804867964,0.487539586635915,0.213850928464104,0.233380290242527,0.101517718383741,0.12162583724809,0.271008201750773,0.324688142757907,6392.71378022561,4593.92159784893,3556.3934526246,2809.18294817061,4817.81078318807,5735.04372433272,3805.66191472199,0.488242244521297,0.617782198481512,511.974761080233,482.984897545299,450.000746307243,866.697200823252,0.693153614191711,0.619412574472743,0.073741039718968,0.424148468324083,0.432502416109966,0.363066820314316,0.354266105361879,0.384486418796413,0.365188439694907,0.344549596960211,0.327398023119742
145,0.532238231181669,0.124819385944628,0.342942382873703,0.798571387892003,0.932887855357198,0.827036113098171,0.946645178321771,0.42503022296393,0.485440481784349,0.214326849813657,0.233864154162061,0.099677190269629,0.119398613001207,0.273863974658444,0.328048760571643,6413.42071664729,4602.19141081423,3558.68541472301,2811.43879175225,4821.82214483514,5745.65604882309,3816.29459411926,0.486683948111955,0.616577010253646,644.418614229549,618.608279070645,586.537358998479,931.609612864423,0.689936738428501,0.614267192168746,0.075669546259755,0.425190048541179,0.432316027593493,0.365130313231716,0.35414296533015,0.385735133468286,0.364833134674149,0.346991437739239,0.327307296995356
146,0.531222157548408,0.122069008742944,0.346708833708648,0.799145832450093,0.931648836055532,0.828439440707103,0.945344967637742,0.424523973309957,0.484054166059877,0.214543994945358,0.2320117255357,0.097550939608238,0.116552944139285,0.277070919531899,0.331041725856371,6418.79422665586,4619.31852383362,3561.15408706606,2811.60850279653,4819.32177218233,5748.68325391848,3826.91586469439,0.490037867116459,0.616133032259284,503.418321197386,479.768260237659,447.571618895857,815.573619122285,0.700826850721437,0.624661639106412,0.076165211615026,0.423719937430607,0.432121245029746,0.365025386624197,0.355272090249491,0.385209845148392,0.366132719761089,0.346155434006787,0.327497606126026
147,0.532353479061008,0.120634148566518,0.347012372372475,0.797866113212527,0.930065940012823,0.826893204643001,0.943913160153158,0.424746801193573,0.485042961716497,0.215548313124706,0.233415556358336,0.09624989923747,0.114798176989574,0.276869412781485,0.330224801306752,6405.70665934327,4630.46875098538,3567.48593393069,2810.85299861672,4815.86162154869,5760.21849375393,3837.53147518176,0.490902448029012,0.61573033873719,504.434090864794,474.204750756635,437.115116847947,800.476840411011,0.687449692031494,0.603032791385653,0.084416900645841,0.427908079964227,0.433680310193468,0.37050355118081,0.356858458671477,0.389308784966834,0.367652584238166,0.351064253918032,0.32841594554038
148,0.534098819192384,0.11804366792234,0.347857512885276,0.797902426929791,0.927618665333504,0.826922484980731,0.941901607473291,0.426158744053939,0.484703986774762,0.214832620691125,0.232791342821442,0.094187329118929,0.112219662425168,0.277556353756923,0.330695016133573,6423.48992275224,4634.81332995357,3573.13192419208,2808.48385153825,4829.51618871275,5773.331367442,3848.16371163501,0.489984387016212,0.614492182224247,511.335472234164,474.913705799475,444.509429809713,810.916292825918,0.693694170430574,0.623050472161609,0.070643698268966,0.4280246361568,0.434128673382629,0.370970342534633,0.358156792900478,0.389370036380331,0.368749680021072,0.351240611217727,0.329164357620534
149,0.532194792882378,0.115221936682122,0.352583270435501,0.796184062398202,0.926168845468559,0.824543445102616,0.940113911633401,0.423725012184261,0.482332485836119,0.213571746693029,0.231942904045965,0.09173786962496,0.109318331965326,0.280721180588981,0.334518027667114,6452.80781059851,4649.26896181066,3562.32597406058,2811.34329307378,4835.84142668442,5785.7940198668,3858.7956718322,0.490564733205564,0.614279518877155,641.81734546798,613.700662929454,582.323648367036,935.028303640498,0.693067116047788,0.621258048165561,0.071809067882227,0.429306750159121,0.435673679193189,0.372124491066519,0.359714540904635,0.390040570443627,0.369287470822722,0.351808674044033,0.329988208457585
150,0.533269394538892,0.113149705676722,0.353580899784386,0.7927664387022,0.923643094484968,0.820995832090393,0.937738906572737,0.422758078777476,0.482533701866949,0.210828965046676,0.22908408753006,0.089701289209537,0.106938343793967,0.280307070715187,0.334171048824052,6453.305954752,4661.92431221911,3566.36195108368,2811.38152847057,4838.93417484043,5783.99002427792,3869.41618829604,0.487908446478996,0.611232680744917,513.848050597212,472.699201449538,440.532957134442,892.953769442615,0.694013696429309,0.626507963931134,0.067505732498176,0.430605987292051,0.43865844545424,0.372314967424176,0.360834439612106,0.390933134880302,0.372076975338334,0.350304529332933,0.329688151455721
151,0.532465959524418,0.110340802890035,0.357193237585546,0.792962097081055,0.922530675812539,0.821264416518368,0.936799448966198,0.422225323888759,0.480659157154349,0.209342551929375,0.227460075596831,0.08749607445329,0.104284295734677,0.283240698739006,0.337587222923513,6469.21168933446,4658.70137999705,3568.36222434507,2816.52086253232,4844.41316797992,5778.39655255285,3880.03102965301,0.488167576634225,0.60734244699018,489.862679577962,458.716570184898,426.632347012511,847.5371445777,0.68782604152328,0.620914635596388,0.066911405926893,0.431755143851075,0.437773570325742,0.373832302073537,0.361371661836317,0.392773841116896,0.371934770062796,0.352338492395814,0.329845834469319
152,0.533199461207727,0.107187513078872,0.359613025713401,0.789504892616263,0.920519129749451,0.818291467232524,0.935043790945408,0.420963583363855,0.4803412956685,0.208695679334228,0.2269132007425,0.084625066003139,0.101074363516486,0.283916243249268,0.339103470564466,6489.37789319904,4664.8768963199,3572.17365699744,2817.71132740071,4856.31090283997,5792.40323037731,3890.66255783323,0.488957338419416,0.608226525222587,498.685672625832,459.584438046045,432.336325146714,850.886447856911,0.683161591093651,0.626000680863546,0.057160910230105,0.432147603971938,0.439722049126174,0.373725802170514,0.361742646779081,0.394246723104951,0.373557744004327,0.351326788977736,0.329208952636842
