Period,"Gini per capita, all income","Gini per capita, labour income","Gini per capita, labour and pension income","Gini per capita, labour and family benefits income","Decile ratio, all income","Decile ratio, labour income","Decile ratio, labour and pension income","Decile ratio, labour and familiy benefits income","Top 10%, share of all income","Top 10%, share of labour income","Top 10%, share of labour and pension income","Top 10%, share of labour and familiy benefits income","Bottom 10%, share of all income","Bottom 10%, share of labour income","Bottom 10%, share of labour and pension income","Bottom 10%, share of labour and familiy benefits income"
49,0.42335625583964182,0.49495677299819874,0.43799606462212509,0.47908627197817705,8.732998432292753,14.866151869592267,10.932372188986207,11.785859339537563,0.2177265124569425,0.24066842364207325,0.22642753682941608,0.22854829231974905,0.03814224796544839,0.02973606975429151,0.02711896140078405,0.04404706656683817
50,0.41698378736808306,0.46490560451023938,0.4273515643693892,0.45882511584557029,8.33618062028212,11.685950109613412,9.995047595025254,10.271648036190717,0.21156609721551242,0.22320949955131303,0.21760707027954673,0.21493310028277404,0.04242878510399597,0.03314221368160939,0.03179546361807957,0.047293548136126067
51,0.41965056706424853,0.46801396442440218,0.43130644325897011,0.45798589485038255,8.414064076321669,12.083688941100556,9.770808559691124,10.044730355906388,0.22128013333159366,0.24027579010393219,0.22833454919711504,0.2306055089015085,0.04367414508573464,0.03227254562166709,0.03156498597433525,0.04801770627293237
52,0.42383436144863201,0.47451840100357773,0.43515753903591431,0.46408645546283361,8.522349641226008,12.677391669006566,10.482324526089414,10.42672875717021,0.22161918475520337,0.237163330646875,0.22849920422805364,0.2276752628880601,0.04349968562849699,0.032444899309363555,0.03065707141690078,0.049437411647515896
53,0.42431768326133129,0.47450215277072988,0.43621657962603033,0.46329404032829158,8.664846388600273,12.76055367636159,10.154254525433318,10.347264793967119,0.22288212296776014,0.24317679412065693,0.23058590766225243,0.23256059273122096,0.04522161351942397,0.03188159954961009,0.0311287911734689,0.050263924447287854
54,0.42251872721056355,0.4713743066329934,0.43228323316654516,0.46421166611464437,8.90080321565615,12.771598686204413,10.296446293835777,10.908818652350682,0.22124036588000817,0.2385053171348605,0.22741483813311236,0.22990604392000244,0.04517894753877675,0.034841483424471055,0.03279357144044681,0.051214925598330345
55,0.42672224454929947,0.47333324809993604,0.43581042993778879,0.46700441924640423,8.69016438866667,12.219185524642667,10.04663436192187,10.6710261666635,0.21949963052014357,0.23910466884743967,0.22524569477479178,0.23113513338820538,0.04480698387181547,0.03401378903439915,0.03299062777119956,0.04941860948855147
56,0.42197378504676847,0.4751279397697491,0.43573502108246304,0.46225946408978058,8.443684205401334,12.619543937644107,10.246509586044894,10.417753336919784,0.2145148386304594,0.2338502141726132,0.22353416155526118,0.22131670471421389,0.04372705761691575,0.033375050387203085,0.03116996191516452,0.04993585450101442
57,0.42766640129593925,0.48572239911918907,0.44281057534996543,0.47133714720319081,8.711965743609179,14.08911488953396,10.969013062431031,11.012318432997475,0.21877015599142627,0.24610878829509752,0.22940409104448742,0.23112905873450137,0.04499295775087165,0.03192171267226791,0.03037460955479646,0.05102257079209677
58,0.42880522628797163,0.48901967907060834,0.44273491480804994,0.47442158138655155,9.213735950378462,14.769924214773985,11.342125564985238,11.469956584511694,0.22096094686570986,0.24572502077456537,0.23066477782130393,0.2318636660819775,0.04540341707555895,0.03490118593605295,0.031063385087361936,0.05391133470046617
59,0.42897389024575888,0.48728989991715232,0.44144147937298084,0.47520751924869309,9.09404021061449,14.182190061129322,10.748049761305271,11.59693759722662,0.22141918511283912,0.24943721580382416,0.23023600555982457,0.23679191103003946,0.04443201803766934,0.0330396936396116,0.03102119150909435,0.05068937644128285
60,0.42528063883228789,0.48582586325206345,0.43897317498200128,0.4732486613030954,8.837882104941455,14.382444580403199,10.932707976602842,11.250747567000404,0.22043189187184847,0.24486440032789009,0.22979463086808738,0.23137548275518888,0.04475071663276311,0.03434814287718182,0.030947933995761106,0.05282303019564019
61,0.42488455657504526,0.48740913856234136,0.43903289496451886,0.47314286745768686,8.793416132626021,14.679181241971007,10.623502283313513,11.608903605224253,0.22173171834408262,0.25139769820750185,0.23217186785742025,0.23624179693459654,0.04629005565765969,0.035492813176177446,0.03191891785800707,0.054544710235795026
62,0.42607947239920319,0.48295175555041486,0.43672658275992532,0.47234910977360767,8.931579781090466,14.627665355622652,10.273182052362102,11.895547978504448,0.22572728604317324,0.2514342598330559,0.2335204917629526,0.24012557149302888,0.04544874360212045,0.035200121737857734,0.03260293795878343,0.05239599532109259
63,0.42666745603089073,0.48257065151934075,0.4369418363523811,0.47294993608926061,9.032476368658816,14.520579542000174,10.369528076429406,11.808151844535194,0.22879712634347013,0.2547000658473386,0.2362666198254668,0.24384341794311398,0.04710659478924336,0.03832027157879695,0.03467698446730021,0.05492375423094637
64,0.42575959326648016,0.48206893477392732,0.43548371305082828,0.47206487284095644,9.028834737166335,15.058779271388694,10.57315399389015,12.236157928198857,0.2241175038158609,0.2533822218886772,0.23111123117346638,0.24302931824291243,0.047731217648534593,0.0396967520972714,0.03504935750664322,0.05663029641405343
65,0.42847983106128906,0.48824856200849104,0.4407436689355369,0.47423625616389903,9.039934493565067,14.947401405761282,10.957549789375214,11.698831316184107,0.2286778332578914,0.26339027744160476,0.23755660612628424,0.250092317242881,0.04891227200933569,0.0401124363180579,0.03537229366372965,0.05816371172848908
66,0.42863261710829248,0.48699953443961413,0.43879879414825618,0.47680307075175454,9.103398572765537,14.937254054866832,10.781433007033522,12.192478562098255,0.22827235862064174,0.26100971694424635,0.23534881073841943,0.2503802631739827,0.046411820674755765,0.038727485981314536,0.03351682668286226,0.055980829166476856
67,0.42888988983198034,0.48382705634297346,0.43847693845647018,0.47387450388182811,9.44994875794056,15.039370604706178,10.8270338470756,12.00680182105173,0.22885814650819045,0.25877117790496285,0.2358627672957009,0.24833022783232073,0.047191716750126976,0.038641368629318495,0.034741598227134234,0.055399364309122866
68,0.43153498561480774,0.48916583353017107,0.44157804471247475,0.47861106745879761,9.330656964135937,14.565326067060766,10.835131102898464,11.919415979245477,0.23503136997069043,0.2674585847530432,0.2423052834389459,0.256484135008821,0.04877978807047634,0.0419507832268437,0.03618371886734413,0.05893140842891637
69,0.42625220061543079,0.49067348335381528,0.43828238634719008,0.47570113917404039,8.892835370486274,14.199798746859434,10.561315257122947,11.55709810247147,0.23481217595645767,0.2703333776465561,0.24350028359181308,0.2570839225417883,0.05094462819882238,0.04483337113720776,0.038261367874094926,0.06193398703970731
70,0.4262520433718241,0.48871857002625968,0.43622865184336374,0.47867481171284276,8.952892110901825,14.446623382566843,10.538964444887712,12.023881053550333,0.23309242835975713,0.2663746765201556,0.23983261855132515,0.2560124545028616,0.04902964847781501,0.044839436645437485,0.037838083270086434,0.06005893763234183
71,0.43028749319016185,0.49372343274713298,0.43962872010421711,0.48416525940219651,9.24814459541958,15.095496378967322,10.654579591393166,12.370625200452443,0.23631743292506796,0.2703023560517739,0.24321289002794824,0.25968081549694566,0.04847266975343241,0.04316327443926601,0.03637323823714787,0.0596666048322975
72,0.42137671660805459,0.48828895433040165,0.43054109930437562,0.47925276446887649,8.84339602661753,13.981486134141269,10.216342189808023,11.957809536204238,0.22902846609861457,0.2628589518333248,0.23557061669182236,0.2526829518873123,0.04699680802168504,0.04281238425239943,0.035588028904159144,0.05843696388463935
73,0.41914377574945272,0.49164172733034339,0.43033305645399944,0.4778150949538304,8.429499216474461,14.103672163900349,9.780973622287739,11.283207915358869,0.23006086566339695,0.2687214220048352,0.2383884000157921,0.2556137476426054,0.050020745328363696,0.044475486291620604,0.03665390723881439,0.06275964765802534
74,0.42175967342718568,0.4925489645404823,0.43023828170598494,0.48193057750257057,8.844013750126898,14.1408926351189,9.852142046427844,12.127796320117891,0.2326212926085415,0.26765698794944237,0.23968956722170345,0.2566151663673928,0.04882411727394361,0.042555822250113014,0.036291233639009726,0.05983085785889071
75,0.41967581794242675,0.48695925262940909,0.42685734660877056,0.47868336374919368,8.675126575034627,13.928768597624686,9.492271055361002,11.932639916746549,0.2289123509088101,0.2612043162211891,0.2355030146463214,0.2509138999830339,0.04702316055755215,0.04039725831125663,0.03488079370878181,0.05727392207169784
76,0.41753037565207607,0.49069325782021694,0.4267591580174957,0.48049300323132205,8.445780596454544,14.406278186529615,9.350745832719838,11.707052020437178,0.23117134545451887,0.2636394549189019,0.23792807862553725,0.2530963978268839,0.04923646288501785,0.04335993805281816,0.03653652389723554,0.0609721047755524
77,0.41412642327351024,0.48737944453193738,0.42479975319005753,0.4733713509001139,8.270530707665856,13.834649984688863,9.85645371330083,11.120740316353247,0.2311431738750089,0.2672045424202055,0.23930056383382642,0.25433128862424864,0.047621414905596245,0.040699013260873315,0.03476098462979598,0.05858968218294438
78,0.41713223598690558,0.48577985803245793,0.42713323131949227,0.47601635568718104,8.439199862331739,13.481013212890774,9.772867517912635,11.586017023100963,0.22882464406075423,0.2625985640613598,0.23538980967734544,0.2522085810994649,0.04801361514579971,0.04398902314041399,0.03615786663080074,0.0604898627668689
79,0.41883393255299312,0.49255103338645145,0.42821587241139503,0.48349132358667823,8.62119023686693,13.975455421178902,9.646612536237816,11.904601927919241,0.2295012036692807,0.2635057633381531,0.23580977452054225,0.2534406378958789,0.051119934737931125,0.04774166100794816,0.03929078281247875,0.06430912944920632
80,0.41829210214220436,0.48969387042138418,0.42625926140259424,0.48148338122656326,8.32267523149746,14.824163059241236,9.27910064014495,12.585753275088148,0.2325734767419833,0.26709999717856514,0.23906958722921506,0.25672680692523375,0.050225959979225084,0.044867427476208005,0.03696592430516261,0.06351378637320049
81,0.41460158720134171,0.48943078894426956,0.42505040099873775,0.47762118563656558,8.223812514706145,14.0168300338839,9.650633769740445,11.527484862767638,0.23183752304038663,0.2698692417562357,0.23996036671546073,0.2567616305718259,0.0529137701904441,0.04731986707321436,0.03887170667145901,0.06704373171959996
82,0.41858506843861915,0.49074276208844003,0.42580165214361071,0.48393532518168419,8.156737698119898,13.43644205816116,9.34858958197716,11.973487865426682,0.23312718725452786,0.270562050429432,0.23960267342480213,0.26003633292172484,0.05160254722176235,0.048742284395621074,0.03956295182727502,0.06571753946283772
83,0.41849998144539158,0.49268522640533985,0.42658616851962006,0.48425393365732466,8.34521436423075,14.541299568901946,9.4137171382303,12.438875465675103,0.23507877207229777,0.27077924115022556,0.241188645488962,0.2608636320741021,0.05066600048149448,0.04860344677547735,0.039013178307095844,0.06509798723457523
84,0.41511592824768595,0.48672706562864543,0.42210496366251737,0.47865327662117402,8.54160498825948,14.055028156368591,9.554815668323416,11.938372463726123,0.2310418446524048,0.26334454330243934,0.23690667395459786,0.2538944475226685,0.047831826270497826,0.04379959556258954,0.03644242311636007,0.06004674423472874
85,0.40948351896680985,0.48436253100605386,0.41951894820260438,0.47169842260765688,8.263528164076792,14.260829714245968,9.373696464147125,11.275135516248483,0.22498279320086043,0.2540433139660937,0.23216663721367664,0.24261897308391842,0.04930768040661968,0.04528548518081058,0.03669495572516587,0.06323080426357472
86,0.40922244338877828,0.48154264465826241,0.4162123456587139,0.47218024137066161,8.344113735796402,13.62809353207557,9.269665989288335,11.99559229821075,0.22935929792738183,0.2585924611040155,0.23504545913412292,0.24945075915170126,0.05291460306871545,0.05218264029956281,0.04097514538736985,0.06923548806316158
87,0.41659790924423928,0.49119580303585902,0.42286295605273611,0.48317545892721786,8.769486470884484,14.378653425624595,9.672538737436815,12.237768658119867,0.2359845317093585,0.2699694282350284,0.24160079210228594,0.2608096731180164,0.04952349957528834,0.04838627563759092,0.03871359114835861,0.06383719322671415
88,0.41257572013215477,0.49146381828416419,0.42040812994859234,0.48028690301382243,8.271409288665712,14.31600678395272,9.428978964751213,12.005252499298022,0.2351744299236677,0.27718499124255336,0.24078292669015258,0.2676806689416687,0.051807178105549814,0.05089136960708693,0.03926267786940982,0.06896117588981564
89,0.40533747843534013,0.48015540062803352,0.41469230327017825,0.46773049564759756,7.962922346949689,13.615671418315321,9.260760789702047,11.076759576751305,0.22850493204367292,0.2596715557224929,0.23588185453687946,0.24763485499240437,0.0543164813135696,0.048294561237355156,0.03916724264146177,0.07032757102625194
90,0.40916286138906643,0.48325150220708729,0.41566284288807065,0.47463025432876887,8.156073147418656,13.188978273774687,9.143250118469822,11.759337196575041,0.23735920675575536,0.2768289162594173,0.24302059774853668,0.26724736897696244,0.05158947620253318,0.05033908090792662,0.03940964075298303,0.06805900440022894
91,0.41243802544204283,0.48982969563763828,0.41922155858434224,0.48123787731145062,8.857304987278889,13.759194069750249,9.786054196582485,11.923710747389556,0.24268962494901686,0.28054611889989,0.24859057170105942,0.27063488706626726,0.051424834273714595,0.05002250205379723,0.039414205052993395,0.06752502592227147
92,0.41326830080897514,0.48503317528823042,0.42034943731072794,0.47753343830183248,8.119824813859447,12.868833347948394,9.38428329516633,11.601500077346106,0.2446502941526157,0.2816756684430146,0.25033565854094864,0.27213526665455334,0.05278129668066528,0.053643318050688116,0.04153069134746646,0.07001370521772415
93,0.41075822001671658,0.48665445646578609,0.41893490361352331,0.47768686931113324,8.17342907783158,13.120142697098718,9.59509996796688,11.571011690254315,0.24516429315458407,0.2879640957162846,0.25253474642659807,0.27535354253265154,0.053805778246562956,0.04990747901651586,0.03991901088018572,0.07030913856304391
94,0.4105120630551623,0.48135859668538866,0.41702177000903518,0.47451966738536422,8.480368356502158,13.202048844332792,9.353411201540347,12.037798501891928,0.24907530047221532,0.2893254786377746,0.25420980030891777,0.28054576000844417,0.048765562835285096,0.04815843870210969,0.03851124062645369,0.06327401947366407
95,0.41151162301284161,0.48440391020827916,0.41720581090117731,0.48127858436765364,8.1593532606553,12.675975521973086,8.971964816450322,12.197758928813215,0.25058022754478737,0.29159334386456387,0.2555790378814779,0.28296794403750336,0.04963105051080367,0.04935570362428329,0.039039801464474985,0.06507121523844102
96,0.40538564757670342,0.47642244964022606,0.41199553808761752,0.4729705917631154,7.9182355056691565,11.724095692338071,8.172114172756565,10.766120032587827,0.24441181973042705,0.28413183116348006,0.2493428594154899,0.27558634397779386,0.05165118051145773,0.05074671234442196,0.04118099082492907,0.06638451047486481
97,0.4042545384662638,0.481350792350833,0.41297158087058328,0.47162537651489328,7.885384256911744,12.751824525984873,8.59071869930136,10.713738779599009,0.24764188627124642,0.2944066078859211,0.25464623188599383,0.282073988200717,0.055216060321391015,0.05016834019551347,0.0409569459603275,0.07150200726593643
98,0.41052380671355371,0.48710666643054529,0.41565086742335616,0.48228605035887029,8.49425910360896,13.735954991191434,9.029676899796636,12.248858431355163,0.24576747496266665,0.29922216458958406,0.25150412571393593,0.28877889617862607,0.05257385469780211,0.0533098472715816,0.03945029024032037,0.07291042745939444
99,0.4078277913147681,0.48307520411927662,0.41460113471034526,0.47359472008496556,8.458907018932631,13.713003061226074,9.473819805770546,11.40203453572648,0.24802416699708188,0.2987252201670303,0.25346267268553907,0.2889992341664686,0.05263255500719847,0.05479158679769735,0.04079073125165043,0.07230754625889765
100,0.40517220170218532,0.48176339450422967,0.41195997617030738,0.47255439501024321,8.343150614318626,12.836200973377133,9.470160829360577,11.65761399982639,0.25011407417199294,0.30452976258891507,0.2556522772938512,0.29452602672877437,0.05680375262123738,0.06237683830863656,0.04513287819277809,0.07950343286458202
101,0.39466990944745722,0.47555464258827718,0.40268108876892855,0.46485972045341906,7.6788531395122686,11.94186820195486,8.680339071618867,10.303418397953537,0.24156019291544462,0.2861282386127429,0.24843132699795312,0.2742026942900211,0.05675144836654972,0.056646473918848944,0.042251461032335715,0.07790200546479818
102,0.39962107915065198,0.47790674280896361,0.40560653372949573,0.47105271689959283,7.997858611857775,12.326224800789827,8.842971279365244,11.06554842605368,0.24558199425771937,0.2897511520982962,0.2508650273967624,0.2804326855781943,0.05340223843701111,0.05733490264643993,0.042368578860547346,0.0737070951189078
103,0.40153272668645962,0.47564749245317561,0.40610875706765487,0.47127061988134761,8.414147762653087,13.17561233510153,9.084245304839177,11.69929967317588,0.24551793595672566,0.28864426891659567,0.2505634336361038,0.2797966783279207,0.050057593476972764,0.05259633986098689,0.03880525892889306,0.06930586191431587
104,0.40057118014751708,0.47882485629560517,0.405180136490363,0.4732580049993389,8.66824452980708,13.422408848976838,9.29255169394232,11.97738929921694,0.25048219000531763,0.3034958095779283,0.25548235071049064,0.2944410695209546,0.051461818095646455,0.05591160734428315,0.04059427010079517,0.0720261066035535
105,0.3998722787647932,0.4795077891781554,0.40646483238436326,0.47196531915333167,8.288549844705031,13.590872763518377,9.050127593862651,11.52902239350225,0.25609551371732214,0.3129198880605304,0.2625349646492241,0.3013061253519633,0.05311201748774687,0.05545541606369433,0.0404255196560806,0.07409989607744863
106,0.39856033033203297,0.47124764611058934,0.40351685181258928,0.46740028666008526,8.089545681231769,12.594120042059615,8.39396722394528,11.40092226282587,0.2525847680180418,0.3012905364882081,0.2571346488137268,0.29322450684915297,0.05399884787044852,0.05977503392754516,0.044241786311179594,0.07412610865747642
107,0.39641544905828474,0.4729697138142937,0.4015253460761703,0.46685598050658905,7.875201636080164,11.960156981741303,8.273501623952287,11.182588992365547,0.2571871934200988,0.3095126754300763,0.26199821552110863,0.3009040551671734,0.05689334294752342,0.06394480444887554,0.04547416869774316,0.08073322055448301
108,0.39988860443220653,0.47793851841198837,0.40560172167465736,0.47070104550936709,7.7252148244131815,12.32529805668635,8.54818270746684,11.378801663802298,0.2583720753934538,0.3225016002529173,0.2628867759615946,0.3141408734669033,0.056316462324026186,0.06362374546870225,0.04590878426702549,0.07888136358647091
109,0.40435608271342494,0.48349427260937494,0.41086393509518238,0.47689881771406983,7.826901809706906,12.561922519219651,8.790243319361025,12.068433115838847,0.26449894444500244,0.32558439636511577,0.26993722570203355,0.3155960468796629,0.04972451532678973,0.052534973467655406,0.04014489568282264,0.06674889795885139
110,0.41129693457425565,0.48917084934804539,0.416791411402056,0.4855739692110535,8.561090582211811,13.238922727046,9.096537088903093,12.598194519420689,0.2645514027559198,0.3299586720026771,0.26920148495349916,0.32113980722398405,0.051085620816632385,0.055630847355577,0.04095549711982694,0.07091798512027529
111,0.41117039412596207,0.48964716162720778,0.41652126407599588,0.48735020069415025,8.3646853926876,13.117306795940701,9.115925859420667,12.565038852829746,0.264458341770537,0.33333441836435784,0.26934155352669353,0.32394696716277926,0.045723713284668295,0.04886331688477988,0.036507324570075425,0.06283940848926982
112,0.40143013806667188,0.47437970920717193,0.4061068076291009,0.47290712156487608,8.007146631611832,12.319504145728562,8.250811306350652,12.038819186135854,0.26091086777150524,0.3265654532672281,0.2652738328545697,0.3182870339571944,0.04724251039492247,0.0518307904078309,0.0393916566353446,0.06362140233851309
113,0.39919357370447811,0.47258858401596593,0.40399094095217708,0.46808666619078299,7.679275987147122,11.387231418438649,8.046080944763533,10.862375059400563,0.2600996480596212,0.31818895979848155,0.265781112424123,0.3077794534489781,0.04656537923391357,0.04651064835233329,0.035899198614117306,0.062499307701443046
114,0.3995451642079193,0.47091759390911853,0.40338173082194084,0.46856766946188549,7.56433248355889,10.969755768991789,7.868999854687261,10.783717449896791,0.2638697601753532,0.32201650373338675,0.2679723785614682,0.3144970796600087,0.04837627544343313,0.05362287758201593,0.0396846639797808,0.06656120531690915
115,0.40099315135322089,0.47534281817847662,0.40442067612602811,0.47311340834741117,7.570272460281277,11.040652480652131,8.012185891317634,10.820384157031441,0.2621144239898738,0.31898219983944187,0.2656981702143569,0.3123545739010598,0.04555742719737946,0.0512364889551303,0.03810937314248945,0.062444948665679664
116,0.39806565328712745,0.46883139121800277,0.40162104453857128,0.46668155426900115,7.186065577968723,12.317571567925349,7.8100077815797135,12.251150782413166,0.25642874438259283,0.3055508340472914,0.26002433572488676,0.29897011745473406,0.046253591078806465,0.05045463604388491,0.03790591775657764,0.06319313824574183
117,0.39311003924600568,0.46144044062943546,0.39759264840440856,0.45932950538375134,7.1439255913055275,12.274723929288285,7.944837404905329,11.821315255604855,0.25174033486951314,0.3005713138581917,0.256271774166261,0.29237830024212547,0.04787229891496788,0.04914962378427941,0.037313941998798325,0.06511413423396244
118,0.39260953169453666,0.46041009604205957,0.39582802478896062,0.46113575968765125,7.337713579344902,10.657722844067292,7.922733384511135,10.779807293046353,0.25571609204335494,0.3105987427879112,0.2589694798309921,0.3045656309487842,0.05438000493206465,0.05975181784648717,0.04626441518122891,0.07204500766214274
119,0.39135506632790518,0.45673649460851728,0.39349875565800346,0.45615645650996034,7.3951821515545975,10.546401613944923,7.674471629377866,10.544189518310697,0.2564579892991509,0.3069363534791239,0.258987349850092,0.30229108943975685,0.05314774391450639,0.06479548046009506,0.04631599348458654,0.07511010751829758
120,0.39204312699250882,0.45411997399710663,0.3936786305761108,0.45670996762232846,7.531097057630906,10.90407105576657,7.910512912882552,11.07370608447706,0.2587492120621916,0.3116728257959036,0.2609626010688788,0.3075441637199854,0.04462581803258246,0.05009205344604819,0.03999820622677155,0.05719369784396544
121,0.39393184202927534,0.45227119894725348,0.39608189425227092,0.45428655431759202,7.528717901480904,10.645081056655732,7.878859206615947,10.7296841978039,0.26051040070369236,0.31442048540834194,0.2634794493221446,0.30892852644551616,0.044620305982176624,0.05155461979508824,0.038247506236984224,0.06121227062871873
122,0.39184032411978981,0.44976805411564841,0.39363077026568555,0.45246080855366522,7.155411514954712,10.523441986713689,7.48180222018863,10.227817930560878,0.2570605037080902,0.3061044996335442,0.2595262697205643,0.30159705726857833,0.0504381523726237,0.056086653603959875,0.04435831225636312,0.06534796575244212
123,0.38968260745793099,0.44598240643308534,0.39114873854175702,0.44913977631354757,6.6040336998403175,10.300761816563096,6.732925409472691,10.501977275051896,0.255288827509154,0.29497267740311883,0.2572503188384203,0.2915065361681818,0.044624191032506935,0.052946135664951446,0.040012325236874695,0.05990919567858486
124,0.385470809262355,0.44225427265358469,0.38703957527075439,0.44552032459796947,6.6983729416000735,9.935495519512367,6.998063383780866,10.170419393579973,0.25595117415033136,0.2936903233420176,0.25796436868039474,0.29013193304004226,0.04667839907179234,0.05738105657424551,0.04111136095633846,0.06583746839572706
125,0.3909499358575772,0.44565261985763915,0.39318402751110343,0.44735861075457506,6.8106792989359874,10.255446330313886,6.9987712618268025,10.26756657493417,0.25983209570440297,0.3007700603786321,0.26281861468537515,0.29548755011494887,0.04861028395283352,0.05602324699565408,0.04060820320631474,0.06813474571065549
126,0.39411001902799409,0.44932708927367476,0.39588700249125036,0.45225480859329098,7.100762854595173,10.469203941725326,7.22470362884043,10.53545861702642,0.2636182528770033,0.3099696120371689,0.2659554812644343,0.30574560187253713,0.047890639005549414,0.058180907647322706,0.041285951244664616,0.06820268384581982
127,0.39504131379430946,0.44868994389434175,0.3964303818233102,0.45257585256582994,6.784756849417482,10.40610184058964,7.014476833673546,10.87052431320235,0.26365343720962914,0.30793247229120785,0.26544260870978925,0.3047275333596227,0.04810399012607897,0.06117130497081944,0.0425429696376893,0.0695754536420227
128,0.3915678528798065,0.44770630834716341,0.39288370676917139,0.45111843606192098,7.188500472971053,10.302142746303177,7.339155456325555,10.572535440633013,0.2617745228847276,0.3043804477829789,0.2638634468145271,0.30062019412631413,0.0496410569323117,0.06194376142910975,0.04299336151627617,0.07209509105606643
129,0.39441780586771547,0.44738487403102695,0.3963749351371556,0.44939551834953262,7.099349474650148,10.021385178974809,7.361918273654889,10.614123321228506,0.2696030517914677,0.33273844345890874,0.27224157979559316,0.32768378875688153,0.048143958692066904,0.05670485996747683,0.040379768235354836,0.06864379904931675
130,0.38872703319640051,0.4475374177783783,0.39049371383958548,0.44787049267350071,6.857564352296092,10.846512302352464,6.857564352296092,11.165701743609345,0.2627035507752396,0.3235010912630789,0.2651262619438761,0.3188483342824959,0.05234533762464697,0.06131666769847633,0.04409410119264256,0.07407234951602226
131,0.39169771790592034,0.44557707229537202,0.39344612093781839,0.44897634599345515,6.609461055124735,9.224380313914423,6.713034055299046,9.929030514398862,0.2661906720564913,0.32535825340677105,0.26858247876614166,0.32072532358586414,0.051498570530933895,0.060120509465445,0.044292057837278076,0.07143258810839731
132,0.38251995719126813,0.42985990153723541,0.38388036228774503,0.43440457100622021,6.1860315187319985,8.356488809971486,6.380618192064248,8.630121186266383,0.26357034033131954,0.31715682693068625,0.2653283241166353,0.3137661068425148,0.04816608513157854,0.05928936274829504,0.04271591463327419,0.06792127066130557
133,0.38649281672491631,0.43503879934862583,0.38857333722484472,0.43871945534830065,6.4816560168574835,9.337648450003499,6.5139376726245555,10.506739474603188,0.25359040684101714,0.29614650534535325,0.2562652884493826,0.29115105287122856,0.04903723941740495,0.05560092930760909,0.040529692229488885,0.06911350085081647
134,0.37806095998948552,0.42390917227061958,0.37974846263008921,0.43019804735435874,6.681636875684181,8.83369378454173,6.685045405911393,10.080147357972399,0.2539982146117842,0.2990790647473038,0.2562559160460119,0.29472381636564005,0.05099789277317237,0.060797366466092545,0.04345623795771262,0.07302292194295654
135,0.38364699427081428,0.42873124897949866,0.38517656164074321,0.43419317693981868,6.8765302785242115,9.170626249850953,6.901335523992258,10.046971112977754,0.25854077968622774,0.3006659767528763,0.26055493244047123,0.2968376250672919,0.04928030028576513,0.05966582639011215,0.04271346923220878,0.070283191141241
136,0.3795638564735711,0.42751138118428694,0.38100994623715617,0.4330915490197601,6.835307045244498,9.26921803139608,6.845843144634754,9.897840569338332,0.2658299271894699,0.3153898350891024,0.2679222564941736,0.3112616076880006,0.04956604267587546,0.05912420222897373,0.04273475941527143,0.07037533129127035
137,0.37798145533414496,0.42835825251824605,0.38012909029206138,0.43257052511741823,6.386403055405348,9.699343214621633,6.476168297446743,10.0178810414037,0.26816240854140433,0.33710883596126523,0.2710147998970658,0.3312803483339156,0.047795331848287485,0.05238441812242877,0.03885315838368307,0.0668722898052177
138,0.38718462104466078,0.4345196435967299,0.38893293213742475,0.43937247276062658,6.566109206689899,10.508868158656044,6.566109206689899,10.686673093749746,0.2747191954206896,0.34318388125251165,0.27718958622981077,0.3381600258205291,0.052357959309676766,0.05875033658160105,0.04419449369112456,0.07196548945710432
139,0.38268680911445385,0.42816471512956572,0.38434686640487253,0.43040250298588223,6.1263828413264765,9.752051983992985,6.132614398911888,10.36179787373965,0.26432389630544156,0.32764820216662965,0.2666163551280716,0.3229657019212595,0.055150743746531845,0.062395204295480726,0.04749290839283749,0.07492922925882552
140,0.38032419263992778,0.42995063689723861,0.38167494565360438,0.43630994493174607,6.498574049831173,9.386036286098944,6.498574049831173,10.117045282436532,0.26426959113748927,0.3405576528099259,0.26631094261050603,0.33612965717037796,0.048791305098171936,0.059504858015091935,0.04203278858296608,0.07076789787227808
141,0.38269608516587855,0.43505187540879003,0.38431546922991516,0.43940793110684112,6.7238596113444675,9.914186396230193,6.819942604001038,10.050725123104923,0.2626459365569665,0.33051952804189816,0.26485386709169517,0.3257783074068709,0.04863652798413035,0.061151363482321086,0.0425577588786039,0.07138005750214582
142,0.38041456625138603,0.43482539338824006,0.38179589788344709,0.4335010898480563,6.7024334564560135,9.969733026558602,6.719879344159568,9.736704783889081,0.2619871547252834,0.33107656884352993,0.26394689113730274,0.32696036848991633,0.05349079979920635,0.07004102454099172,0.047828345458152996,0.07926953625513793
143,0.37240396560849831,0.42342974837991565,0.37359374580338861,0.42921014291410164,6.109749556810071,9.054849800751773,6.223410291666697,9.875035695863321,0.2554606831678115,0.32149286353008755,0.25726907581542724,0.3177130950895166,0.053367832156122744,0.06087000718817412,0.04834883773437498,0.0691416872038405
144,0.37625100701299308,0.42868248781892127,0.37709444178277574,0.4388216992833664,6.299345510135148,8.805157211286142,6.2994571067389815,10.267801382254373,0.2533342956440317,0.33343052995697914,0.25529637612002426,0.3291303449329703,0.053843655563834115,0.0601432935066571,0.04693612935103536,0.07159629670944917
145,0.38907620626791295,0.42916470276198848,0.39041838149908792,0.4434038331346189,6.644829843897714,9.465082276313654,6.805287148738531,11.153496906222216,0.26849838612860844,0.33941633303083873,0.27136189288671975,0.333453330177101,0.05085898878980105,0.04927371634697649,0.043268948013753396,0.061836264232189124
146,0.36297874089701898,0.41219404194083026,0.3647877194562123,0.42129009256307887,6.133825576462811,8.195345248556581,6.174156180813762,8.805730004367472,0.24396978660146723,0.3022328691194732,0.24655887977513263,0.2967767333881776,0.0668569531990251,0.08033688369859718,0.05714552775499551,0.09664927516019053
147,0.38218863320820001,0.41921630313874403,0.38381924827153086,0.42876614440891053,6.269247230608031,8.909184644109969,6.323625154602208,9.337839094012262,0.26005187156440135,0.3160533900782635,0.26244229506357347,0.3112088966131277,0.04934119711594848,0.0533901938214518,0.041975849328068804,0.06562422023711136
148,0.37147045081487046,0.42153425690550816,0.37296381092857278,0.43196054108038673,6.095393321262186,9.36778959233245,6.124630880784706,9.854207632118824,0.2535822581666411,0.3162143763259326,0.2559472474638961,0.3112063085911629,0.06264607426270165,0.07041323889721969,0.053955480280900206,0.08506426681458859
149,0.37130852146336318,0.41661434006711651,0.37313028711150908,0.42740851129886559,6.3694387576823805,8.37957584617546,6.424932947013992,8.898701888762666,0.2529237275684743,0.3124523952817596,0.25588458798088204,0.3060889852022441,0.06436979043486703,0.06995847389022841,0.05369166751221527,0.08846478177763684
150,0.37571829717373573,0.43260539444900969,0.37694659008659026,0.43879565265154169,6.601987297760062,10.738669435949696,6.601987297760062,11.090190202148344,0.26256436120445237,0.35384145730821964,0.2643521987182566,0.3496278255799923,0.054012934074034166,0.06564785752757883,0.04773863932202456,0.0765019561299294
151,0.37279172567397512,0.42968781723919319,0.37405073777290149,0.43569471142750316,6.078410276688256,10.228249495978488,6.0740680545100805,10.441937571873767,0.2578554646132068,0.33624969649187003,0.2597033909349398,0.33198635541451454,0.05194338071174997,0.06332052719212541,0.04505404714575216,0.0753933892609042
152,0.36962369201645595,0.42113060132049002,0.37097785204242678,0.42857460327746255,5.774026334630189,10.278737756498359,5.774026334630189,10.488314965377162,0.2608945409072374,0.3414083445072115,0.26298474549314493,0.33654525867421514,0.055928524203145494,0.06512357028681034,0.04837032213540389,0.07844964002920637
